-- phpMyAdmin SQL Dump
-- version 5.2.1
-- https://www.phpmyadmin.net/
--
-- Servidor: 127.0.0.1
-- Tiempo de generación: 22-11-2024 a las 01:49:01
-- Versión del servidor: 10.4.32-MariaDB
-- Versión de PHP: 8.2.12

SET SQL_MODE = "NO_AUTO_VALUE_ON_ZERO";
START TRANSACTION;
SET time_zone = "+00:00";


/*!40101 SET @OLD_CHARACTER_SET_CLIENT=@@CHARACTER_SET_CLIENT */;
/*!40101 SET @OLD_CHARACTER_SET_RESULTS=@@CHARACTER_SET_RESULTS */;
/*!40101 SET @OLD_COLLATION_CONNECTION=@@COLLATION_CONNECTION */;
/*!40101 SET NAMES utf8mb4 */;

--
-- Base de datos: `inicio_registro_db`
--

-- --------------------------------------------------------

--
-- Estructura de tabla para la tabla `administrador`
--

CREATE TABLE `administrador` (
  `ID_Admin` int(11) NOT NULL,
  `ID_Usuario` int(11) DEFAULT NULL,
  `Cargo` varchar(100) DEFAULT NULL
) ENGINE=InnoDB DEFAULT CHARSET=utf8mb4 COLLATE=utf8mb4_general_ci;

-- --------------------------------------------------------

--
-- Estructura de tabla para la tabla `carritos`
--

CREATE TABLE `carritos` (
  `ID_Carrito` int(11) NOT NULL,
  `FechaCreacion` datetime(6) NOT NULL
) ENGINE=InnoDB DEFAULT CHARSET=utf8mb4 COLLATE=utf8mb4_general_ci;

--
-- Volcado de datos para la tabla `carritos`
--

INSERT INTO `carritos` (`ID_Carrito`, `FechaCreacion`) VALUES
(1, '2024-11-03 00:00:00.000000'),
(2, '2024-11-12 00:00:00.000000'),
(3, '2024-11-13 00:00:00.000000'),
(4, '2024-11-14 00:00:00.000000'),
(5, '2024-11-19 00:00:00.000000'),
(6, '2024-11-20 00:00:00.000000'),
(7, '2024-11-21 00:00:00.000000');

-- --------------------------------------------------------

--
-- Estructura de tabla para la tabla `inventario`
--

CREATE TABLE `inventario` (
  `ID_Inventario` int(11) NOT NULL,
  `Id_Producto` int(11) DEFAULT NULL,
  `Cantidad` int(11) NOT NULL,
  `FechaActualizacion` date DEFAULT curdate()
) ENGINE=InnoDB DEFAULT CHARSET=utf8mb4 COLLATE=utf8mb4_general_ci;

--
-- Volcado de datos para la tabla `inventario`
--

INSERT INTO `inventario` (`ID_Inventario`, `Id_Producto`, `Cantidad`, `FechaActualizacion`) VALUES
(1, 1, 50, '2024-11-04'),
(2, 2, 50, '2024-11-05'),
(3, 3, 50, '2024-11-05'),
(4, 4, 50, '2024-11-05'),
(5, 5, 50, '2024-11-05'),
(6, 6, 50, '2024-11-05'),
(7, 7, 50, '2024-11-05'),
(8, 8, 50, '2024-11-05');

-- --------------------------------------------------------

--
-- Estructura de tabla para la tabla `itemscarrito`
--

CREATE TABLE `itemscarrito` (
  `Id` int(11) NOT NULL,
  `Id_Producto` int(11) NOT NULL,
  `Cantidad` int(11) NOT NULL,
  `ID_Carrito` int(11) NOT NULL DEFAULT 0
) ENGINE=InnoDB DEFAULT CHARSET=utf8mb4 COLLATE=utf8mb4_general_ci;

--
-- Volcado de datos para la tabla `itemscarrito`
--

INSERT INTO `itemscarrito` (`Id`, `Id_Producto`, `Cantidad`, `ID_Carrito`) VALUES
(32, 5, 1, 5),
(33, 6, 1, 5),
(34, 2, 1, 6),
(35, 1, 1, 6),
(36, 2, 1, 6),
(45, 2, 2, 7),
(46, 1, 1, 7),
(47, 2, 1, 7);

-- --------------------------------------------------------

--
-- Estructura de tabla para la tabla `pago`
--

CREATE TABLE `pago` (
  `ID_Pago` int(11) NOT NULL,
  `ID_Usuario` int(11) DEFAULT NULL,
  `Id_Pedido` int(11) DEFAULT NULL,
  `Monto` decimal(10,2) NOT NULL,
  `FechaPago` date DEFAULT curdate()
) ENGINE=InnoDB DEFAULT CHARSET=utf8mb4 COLLATE=utf8mb4_general_ci;

-- --------------------------------------------------------

--
-- Estructura de tabla para la tabla `pedidos`
--

CREATE TABLE `pedidos` (
  `Id_Pedido` int(11) NOT NULL,
  `Total` decimal(7,0) NOT NULL,
  `Estado` longtext NOT NULL,
  `ID_Carrito` int(11) NOT NULL,
  `FechaPedido` datetime(6) NOT NULL DEFAULT '0001-01-01 00:00:00.000000'
) ENGINE=InnoDB DEFAULT CHARSET=utf8mb4 COLLATE=utf8mb4_general_ci;

--
-- Volcado de datos para la tabla `pedidos`
--

INSERT INTO `pedidos` (`Id_Pedido`, `Total`, `Estado`, `ID_Carrito`, `FechaPedido`) VALUES
(22, 145000, 'Pendiente', 5, '2024-11-19 20:07:48.510037'),
(23, 119990, 'Pendiente', 7, '2024-11-21 18:04:06.708762'),
(24, 60000, 'Pendiente', 7, '2024-11-21 18:28:03.572562'),
(25, 149990, 'Pendiente', 7, '2024-11-21 19:24:54.850688'),
(26, 149990, 'Pendiente', 7, '2024-11-21 19:27:21.102368'),
(27, 149990, 'Pendiente', 7, '2024-11-21 19:31:19.002884'),
(28, 149990, 'Pendiente', 7, '2024-11-21 19:33:09.850704'),
(29, 149990, 'Pendiente', 7, '2024-11-21 19:36:24.815389'),
(30, 179990, 'Pendiente', 7, '2024-11-21 19:39:56.692911'),
(31, 179990, 'Pendiente', 7, '2024-11-21 19:42:03.358998'),
(32, 179990, 'Pendiente', 7, '2024-11-21 19:45:41.022602');

-- --------------------------------------------------------

--
-- Estructura de tabla para la tabla `productos`
--

CREATE TABLE `productos` (
  `Id_Producto` int(11) NOT NULL,
  `Nombre` longtext NOT NULL,
  `Descripcion` longtext NOT NULL,
  `Precio` decimal(7,0) NOT NULL,
  `Descuento` int(11) NOT NULL,
  `IdCategoria` int(11) NOT NULL,
  `URL` longtext NOT NULL,
  `Cantidad` int(11) NOT NULL
) ENGINE=InnoDB DEFAULT CHARSET=utf8mb4 COLLATE=utf8mb4_general_ci;

--
-- Volcado de datos para la tabla `productos`
--

INSERT INTO `productos` (`Id_Producto`, `Nombre`, `Descripcion`, `Precio`, `Descuento`, `IdCategoria`, `URL`, `Cantidad`) VALUES
(1, 'El Enchiridion', 'Objeto multidimensional ', 89990, 10, 1, 'data:image/jpeg;base64,/9j/4AAQSkZJRgABAQAAAQABAAD/2wCEAAkGBxMTEhUTExMWFhUXFyAaGRgYGBodHhobHRkbHRgdGh4aHSggGh8lGxgaITEiJSkrLi4uIB8zODMtNygtLisBCgoKDg0OGhAQGi0lICUtLy0tLS0tLS0tLS0tLS0tLS0tLS0tLS0tLS0tLS0tLS0tLS0tLS0tLS0tLS0tLS0tLf/AABEIALcBEwMBIgACEQEDEQH/xAAbAAACAgMBAAAAAAAAAAAAAAAEBQMGAAECB//EAD8QAAECBAQDBgQFAwQCAQUAAAECEQADITEEEkFRBWFxBhMigZHwMqGxwSNCUtHhYnLxBxQzgqKykhUWQ1PC/8QAGAEAAwEBAAAAAAAAAAAAAAAAAAECAwT/xAAgEQEBAAICAwEBAQEAAAAAAAAAAQIRITEDEkFRIjIE/9oADAMBAAIRAxEAPwDzWWkaksfP39+RrEoBNDf92bq/z5GMVLbns/mNegv51jlQ5X/wb62HyOkZKTJXTSvTUfO/nbrLKUXqxe7F/r182rGgsKADgKs9WNNedurVrEBLEPX197jnAB81wGZj9n+TF4jmrcMKb+XXY/Vo7JZI1J12rT1gcqb7favpzveGGidBfbp9NOY5iOVLZn219+W0ctT6bfL30jJizr8/200gDZAYvfRv55e9x3oX+ZiVKXEcqTrp7/iEEGnv370iOZQxN3X+NYjJgDhNY0zdI0ol3EYgwG6aOSI6QCaAPyAJgkcPXsK2Du/RngAdKz4dhSJZSQVDMrKCLsTpRwKxOnhrUU4bSxG7wywODW4CEOTq1B/2LfI+UPSdgZXDZhcNT9Wjb1YjzEMpXB5aSO9nprdvSDxweaGEwsP0gsR5tTy+cFysAmX8IBV+r53/AGh+o2TcV4XKCO8kqUWqpJctzIUHDljtWEgcGxBB6MX1fX57ExdMapSkVFSGPu5pT0ir8TU8zMaukAtuEAFurA6itQawtWdnuVBIUTb5C58tfRW4MEDlRvZ/x6iBgQD4Q3ncU0rTo46QZKqPfPz902gCVE1m+nly5D9oYYdetw/RqbaEcuooYCTKJALaUNatBuET82+92+1uYMEBrw6eKdRX+PX7bQt7V4A5hNQGCrtRlAH1enpE6QAQ2jW30t9vLaGkoCbKKSaKZiDYghj6j5wWbgnCsYdmUJj5FNXY2cPUFhHOOwCE7sARZ6WBfUctIImgpJDEF6pJ9dnMc1yi4blcXYgtYxk0DCUnQENRwzG5B+J4kWgtUEDr1ahN/ONFeU31ZqAPTY8o0peYCo3BcX1upwDeEE5IBD73fdwPza2jmUsOXJFEhntU/wBVtIHzKZnFrFWwYh83KJFL5g10Nw39/OGSQS3sR6/zGRHnOyTzz3/84yAB3BHPXk7OG6m/kd4EWGv7tf11tazR2FMS1ANPLX09iMTyv9Onys7dI1Q0SAK1HsG/vfeJZdQp26/L1G/rvHUxNAoseQIfao05ftEJWN/Dq2nulfraAJUEjp8tD1B+eziOFjavL39vlERnOdPX6b1jnvyaesINKXy1f3XpEyJNL12/bc308o5Ql7+/ft4kCqAN09jof4hhJiEsAwL6jbr6QOz3uLdfYH8xOzgE2DORf3eMMvNYO9mDuzO1L15c2vAQNaW9++X8RpYCk1DEfOt4YJwa6AghTVBADcnJNeo9YJk4ANUhNKu6j6gJSehSYegRiQo0DNubeZ06QbgeBFTKUWHOg1udNKh4cokS0sUpLsGJJ+TlwDfT0jc2YSDb0+sGhtwnCIQGdLf0i+tWYX1ABiUJCUFVK/OrOdzETtUDk/v+I0tJI2fWw61hyaNqUtUtS5glibKUxVLUwUhqAy1F9/hNDyiRHG5SZuf/AHC5Y/8A1rQoMdWIdJc7GBpswEMVUNPlcE841hZM2Yod3LUo8ksB1JYHW0ORNMz2gw5qZw9FddoJwfEJM1hLmAlnIJAIt6X1jJPZOcofizBLB0QCTzcmgiLiXY3w55SiVp1SFJWOfhJzeTdIdLQzI1CPKEfGcHTK92LnVvKrfducEcC4pbDzz+KmiFm0wbclfX5QXisTLK+5NJgDpcM5NgCbk2+cLLmDHiqctGR0kEEFjSrhq87a15wZh1OGYPu93Pv/ADBGPwyD4gb0ZtdBWgrTawPILBo1Ltrenv1o1wIlY6Wo0FXApXS9/fyIgzDkWysepqKN9/tEWClmqyxAtzJBLWqNX894kC3USXc8tb6a606jaEBku4+7bk+eh+YYwbh/AGFXI3uH9TXWtKvAkpNenyqfTrY6tB0tO4r7b6jlzEMkPFsOCe8q35iLgswVQ2/iK9jGzGgPiY/D5HXSLjJaoV8JTXpz9+sV3iGEyTMuiqpLmzsx3Z4zzx+tMb8KCg1Pk456sE7mJBLIJcmzEAEXsfhsxMECW2tf+1C5IHw6xzQ3b+n0fKRlrcxmpEuWQPFXn4qG4NtYzL4QWvVq3vtrHBmA3I89Qd6aN8oknzA9wzDTT/46EQycl9Cw2r5/k3jcc5lfqV5UH/rGQwXKGrsPe3W/1Dx1KBvr7b6fs4eMWGof87P5j66gxNJ+Z1e1XHv+Y1QlyOALAeggScGsG+vnDFDAZLv/AI+RECTpgD6pT894CCmXuPfv/ESFxWh9+/4hhwbDCakryuHyhObL5qVlUxNPCBDPFy0S2KlBCgbS6N/2PidtUlPSHJs7wVjATVAKMsoSbFfgTV/hKmfoH84b4Ts7mQSVAqDUYpDE3dfi1tlEcSpalIzyUVZzNmLBWRcOVkzG+RjlGCKnzTFl7uEo+63udRFzGRFqdUnDS1B1GavRCAGf/sC58tYin8UVVpfdgUJBSScxLOScwqPLlSO8XgmllMo5SoAWazX1UaM6ngTEgJQAfjUxy1LJDkh9S5SNHhdFxU0guep+I1820aNzQlNjnP36dGgRCt6CO0zRrROr+/dIDSLBO/vprGshdwWymvm7U/zEuGlqmn8KWqZ0om++vltDaR2XNVYqaw1RLswe6ttdISiOfMBVlSStR0Ac+UNcB2XmzA8w5Btc1PIsNbVh2rEYfCgBKAP0gDMs9AK+dhqYEHGJpmCWZBzGX3niWRSxAZJBKXDtuNxCPSfC9n8PLIzOs76cxDReNlykOSlCAKksKc/lFWx0+bnRMWp8MuaEZU0KaMc5AqO8S3xNXnHCsKqWrEpzFS5au+AUXEyUtyULBoSCFgEcoey0fTuMSiArvUAEsklVCdnOv784EwHGwAuYpC0Kl/Eg/E/JixfQ0uIS4XCIVPky1F0S1TUNuFpTNla/oIHUGOF0UpNT4ZiFNdQlHTdRlqHmhPOHCovtBhZE9JnIQwKvxEkMpCyHzasS+hYnzgHCT5ySGyTsoZPeUWBsJnLTMDDjgEiUqTMBYkjLMKT8XhdCg9nSQYrys0papa3dNvMAjzrBZsomxGJzlSTJWkm7h33atQQHekJVgpU3Rn1pQ+gH+RDozz8Yq1PL3WA+JoU39SP/ACQS56sS3INvErcSZzUozv8Af2fOoeCXozfzelOj6bg6Qolztbnb3722gtE4Cr0exIsS7e6dIEniOZvz5ja/yO4LxJh5xAHOn06D0Y1sYAw05LEsQRcb/C9DUdC/UQFie0Pdh0oCmLMSQ2lRfQUciHoLhLmUbUmvSpL+9I5xcgTENqC6T5W98o89m9ssQaOlIt4U6Wup4yT2nxGk0t+nKjQVuLdDaCwSrDMlsSDmoauNAL/FvES5JTTM1auR5EMYFwfaPMod8kAn8woKv8QIJHUfKHwlAttpUm5L2A6COfLGxtLshlSvxA9KuahtjR+bxubLDsw1tl6KHrDg4cEu5tsr77CkQzcP/UeuVXXNeAEisPtmb+4fvG4ZhLUUC/8AYT880ahkUrRSvu1/fzDxuUlqm+lB6xtRc7PQX0pXy9m8drs5sG/bSNWblayBzI0eli0KeK4lmQnavOtoZl76+xT35RXcct5qidDSGcPOA4koV3ajlTNZBc0zXQobEG8WXgCUy582U/iUnMklIzBSSy05ujFqWNIomFmZwUE1I8JYklQdhycEh+kWmVi0zJCMRlJxEtk3pnTYka5kfQwQ8llQqpFSbONdaPEK5hvbrHGExqZ6ErRZQdrtuDzBpG59AXfbo5b0jSsCjHY+rAFShvQW1oXFdNoEkyy+YkqWpgwFTdgBsNvuY1jJ5KirNmCfCCBRRYZi/NQZxSlKRccHJl4NHeLbOwzzCKubJSLjQMLmEuQtwXZ2eqq2lj1PlYW1BPSG2B4NISSVDvVAs6j4QdfC9D6QNK4lOxObuvAgFipTFfUJdkixBLnkI1MUnAS0ZJa1pUv8RVSa3USx+ZAvV7xbyuTjZjO48kS0qlDMFryISgNmUCR9jflCudxAkrGIH4C1d2QR4paiAyVZScwNWUPqKq8WtGVKJMxKVCb30qoScxcFC7M4JY2dqwWvF9+kSThCHJMwZCKsQVAkUXZjuAzwB1gZKZktWXMVoSnKsjwkIZikXfejUG9dcY4omdhxMQpQXKZS8hIyg+BYJBsXKqHSDcHwqfPlylWWkZV5gQFJscw5poQeugg6WcNhZTyk96XAaWcylVyuXdSgLPVqwAqxKJy5JwwwwAyDKtKgEOFJKSkKLg0djqPOJZPDcUtUta5iUqMooWEpclANHJLZj4i7UeCMT2hUB4EpSebuOeY0HppCyZ2lxIVkzpKgnMWSDlBtnYAC42d9TSACz2eX301ffMFkKGVJBQUhOSpVoA1rE2jrD8DmpnS1FaVS0FUxy4UZigynAoxDa0rA6u084MVJSqosRUDbw69YKHaqXkzTEEEry0DfUsBzJGm7Q9Utz8C4KcMFNmy1JcFGaUHAzAOyQSwcOU8gE7h+eNyxiZYxEq6XSsa0+v7NDpUuRi05fAtq5S4UndtbPUUbd4mw+GTKT3aZYCGqkUcG/XqYexeVKwcwMxgiYokAAANQFvIgtdwSDuI1xPCdzNUkOUtmT/bo/wBPIxLwkKmFQSAQlTLJNNCQLuWL7c4KUqvcSUEHwj4nIcGm4L3a3OkRyfCM6g55m2gJ3h3xXBhWZOVlAuKUfVnYsRy0o7Ura5ocZqixHyPQj6iI+tOPVzxDiuhZtGv6wknTydvlE2PQxP5kvRTbO17XdoCMaMnQMdy5pCswoQXiKD+HcJmzfElBy6qLBI8ywgMQhy+2nn7MW7gsxWUIV+U0dvhNQN6EFughKO4kAAzEz5hY5JXiD6JzChL/AKSdItCeHqRKM6YwmLIK0AsEhvClNfygXfeM85/J49iEEUZ2KWpe16C+4iGfLHsU/wDW33jaZgJBe+rjVq/FdqRpaksC4Zr+Gg+7m8YNWu5GyD1FfpG42ZSTU3/6xqAKxLq5Pv8Ae3PygxQL0pQ66PWvSIcjW1fpr/G/0iYoGgqa+Wnt9Y6GTSpySWNGo466jziucYw4RMpUKGZ/kW9IerS48n+Vfpy1gHiWAzJdJqLD7e/SA4TYWblUF/pLxYOEcQCZxy0RODMqwX+U8gFbWBiuRIlZIqbW/iCri58JUJU9crRfjSNAoPmTXWnyMPe/TUZg7VFHbTpFVmYszpcucgNNlsFmniUkfFv4kCo3Bh/wuXLUnvpZUkGpTmoFCniDMSC9WtDlZZTkvnSfAtroLsOVRe9Gh7xqTNmjD4hCVTUAhRSGcqNCal6DMH5vC/CpBUp61ynyABbzBh72RnuleHN0EqT/AGn50P1MOAgm4pWDxamAKJgJyuKOSfKtvPeH0/iKpEnPOQVLUpghPiICjQPqz6CIeJcBH45clcxiAasUtbXQUgPA8fKJBQQ81ByJB1egcciG0iLNtJdNYRGHmrAMsGXNdgoMqVNTRSRqm4pFgRKl4aVnWVCWCyQDmUol/ClKjy6BiaAEws4TwbKErmLP4ZVMUwoVKqomlfJn2gDtrxBaZQnMR3hKJKa+BLOVAfqPy0ehh3iJ5ypseM96SQSkEeFDApu2ZiPGQCSxBdi2hiv4nEJzd4UuSXJLl9T4r/O0WLg3+n86Zgzi0z0BYBUlA+EhBLupJuQkNRhcgl4qcqYVFBCQVhQZBAUFn8oIo4I+/KJmUvMGvjc7ElZdjlNXL2+dKQLwfjq8FilTijvEFac21MwBfYgqHItsxsOH4DNUjKZiAg+IAgqKD+ZKLFQIuVU2BvB+H7ISwnKVqIdzRIcu92dnFnaK9pOR674I+0naGVi5yZkiUJaTch2JS4KiSAkEg/LcxJhJaZgoaCgza08VTsGfqmLHJ4FJQMozgHaZMDPf85BruIDxvZtJSDKWtK0kkBZBCyWcFmANBX1h+3tSmPrNFGIw5ky3ASplEjxFwwHiSQHfzrDLhnaQeCXOSutO+eoJcjMLsLOSecLOKGdJkLmhIJSCFI/PKJo6wQCUvZSXHMOYI4P2flrkmeiYFzMoUygPGkpdxqm6kgCgKSK3OeXkxwm6jyZzCe1PONcO72WCiq0+JBFlDUDkWBHTmYqHDpqQJkiYvu0zlZkLtUgBSSXpRIbziw9nccmVKShT90FEBRL5CVNYWRQOHoSrSB+0nDAFLSoeBdbWUalvOojVQuXwxpSAtRmFNXN9WZurAczFM7aYVKFJnIFF0UNi1D6AjyG8WfsxjCZZkrIzSmTsSGoefURB2n4dmlmjpvlGrMS3NhTmx0iTnF089Ti06p9D+4McqmytJQ81H7NAuLkd2spfMLpVbMk/CfMaaWjSTDPgfL4kpP8Axolo5hAJ8lKdQ8iIFnz1KqpRUdyX+sRAx0lLwFobwhRQsTAWUmqXDi1X8os47R94yZoZj8QNH3Lgn/MVzBy7EkdIZze70H8U+cFm4U7WGQlq0uHYlhQEEMLaRIpdwbgE2Vdrh9GhJwLFEL7u6S7Daht1+rQ8nSaBmoCB6FxRPKMLNNo0pRBLU8/5jcCz1AKIKlDllVGQuAVd4Xr973r7PSDFEBJNja/n/GkBS3zAmmppBOIWSw1OnKrGN4yoaYp3P098x/MYvcD9vfto0gmg12p8vemsSFG3v37aAK1j8OEKZ6Go/aIE3iy4qQJiSn81weej/R/rFbVeBUNuz6/GpGpSMvVJf6ZvWLBw+dMkqWlKXTMLggjwqpWtCNfSKdInFCgtJqk6fOL9gVpmozClH6OxI8rQ4WX67wstuXvX/NY6XOVImy56R8NFc0m7+X3gyURldQOxY06tcFm3jqXLzJKDzsNG8t4dSsuJSFAKTVKmI87RS+FYTPiZq8tJayB1cs/QP6w47GYheVeFnKdUuqDukk03o3y5xMjh2TEzFj87ONARf1cekL6r5oN2inFKESk/mUFLofEAXCfMj5c4rfEUnFAhWjqDWT/aLAdIfdop6O/UConKlKGSQCKFSjUMxzi/2hZLmhE0FAKkKDLDJzEEaJdKbgB3FHgvRTsFwvF8QSFYZE5SZaxkUUmjAkVS4a7FmcCrxYuzfBEpAmzQSC5Qk1Bc/Eaa3FLRHw/hiVzUtNBSpbKQHCgEpUV5kiqXBTVyFP62ieoE0fk7+xC4k2fdQhRNrfIRLKS+56RHLgPCYGZPxs0pWoIw+GClAE/EtYallHKhZAroIiS5VdsxmzIJrG3SKEjoSIjnTFIHjKVnK6VJFDtS4+fXSI+zOCJwcqakgrWSqYTXO6jmdqlgwGzAWip47boe8+NY3hyJgaoVYOaMbpL1KTql6vRjWKPxHgk2QoolTCJZcmWVF5ZN8hy/CoUCgxFQed9VJGbIlyGJYgUOZsobQAa7jpAnE+H98lnCVoNGAsxo3NvluIU71Sy63Cfs9JSlHdkApagb1BApDTBBM1K8MXzIDy1f0gsz8i3lCzhuA+JXeIQlJAUlZOYtWiRfWo26QxmYk+BSFZyhYonwpL0KaixBOmgvFb5R82q4liXjZGcBu8MtRIpmIKUu/MhjDdWM7yYuQU5SmxLsehAbleNdqsGmYgTmJlrAz8nAyK+gPQc4BTxPFhHdqMpbBkzT4VD+4N4jTzar6ukr3G+D5pYUmqfEoECqSXUpJH6Cagh2OlTFRTHqcooKAlIAS3w7NFF7TcKOHmhvgmDMnVv1Jpsfk0KKKAY6BjgRuGcFYfE5TBIxIPu0K3iRCoVOaMkYrKsKToX+bt8ovSVhQ+FnD82IBY0/qNY85QuPRJEp5aLUSGvtzqNIzyUxaP7xQUFRbQvGQXLSlqgE75R5a7RkSNq4o0clt+lfK31gU49J8ISXH5j16VMDqm5vCFMlzm6AMx9CfOIBilVyqYWSN+paNds9GaSdWa7+7n20bM2lGPOAcMVrBzHo+/3ESy+Xqw+XKGVTjd/fv7wg4rLCVlrGo87w5mqanKFvEEBQf8w9tAcKxFi7K45ld29bp+4ivGOpEwpUFAsUlweYgV29Rwiq3YKF+flDJCWyl9QD9vo3lFb4VxDvZQWPi1AFiL+sEDGkOx96RVZ9GuKSETRNRdJqBUlJZ/8AyZtvlD8TEqImJLpVqPdIo44mJgKEpUoZT4kpJGymI+JnFnhx2S4i6lSVfnGdGtR8QfT31hQy3j0lAn4mapZGVVXBv3csfIAbx1wDs7ip8j/cgeA1ICHyUBS5CnLpINBR67RL2m4fnmz5YuqWlaWdiqoIZwKhA9BC7s120xmCkrkBJyqBASUg1q58WnrryYuWjxx2b9i0Dv5hIWJikqcl8tAlkitSwJt0tFgnAOzB4pfZTHrGJlGaAnvF5Tv8BSlJo4AprpasXnFSWP8AiC9Cdo5Z2aC/9M5yf9zjxm/G7yX4T+gIottsy1W2A1ivYzFzJeIlpJSmUsFyR+bQA6FvekRLnGVj5eIkJKl4du/AKQDLW4IqXWSkEsAahMGHZZ8xbOPcKEqebmWsOnlyvp9GhfgsYEgyphITmoc2U+Lm41O9Hi68SlIxOGSqUynZaDz28w484894zLzyySkFSfyqeoIsQCD8+Ub/ABz4ZappMmJy0JVkmBKSakpUkFLk1NFpu75QXjhUshWZNCzdR94l4LwRc6SCZhSgnMJiQM8x9QFJIQjahLAWF5sdwObLAVLUqeBdKmC23SQAlR/pYHY6HDPG27jpxzxnFVbEKQictJSc62V8VEbtSoJcwAnEjORnSl7q0bdQSHNrwJ2+xjTSEl0GTKzFrfizAXao2IvpD/EcDw6MF/uEYgKUkgLkAywMqlMhmBObKoKCqu/OCQjDAJCpBSopWkKUks7ZSXArs7eUVPiuDMpZlqqLpO6Tb7jyh72QWTKWkkkOFAqYsCPhBFSHFHgrjeB76UW/5EeJPPdPn1u0OEqkqbTnEvFcMjESAkuW1p4SRRQ+QIs17uBEFjy903hngg1dGtfelaMWNN4nKHHlKkkFjQihGx1jUWftjwopWZo2GbmC4SvnbKrZQ5iKxDl2bcbBjUbaA4klXj0fBLOVDg/CN/0gvzqnSPN5cejIoAAaJNB4qMynLVTQkNGeSkvdJNSpI5UNqD94yByp/wAvzBtQXG0ZEcDSnqRmGYXbxb9fP3eJ8DLQalyRoWbziVKSmwA35Rwucxdg+tv8GLIWsmzAeYt5bRyvFABhXmbepuYE/wByBdXyD87CIe+B1J61h7LSWYsn94FmKiVTHWI6C0Gz0BmJaOAYKxKXDjSBkJipRo67MYzJMyn4V67HTo9occZm5E3ZyxI0BNTvZ4qEi9NLRc5C04iQ6lMr4FcqeEj0+sOFf05OL7hUmQiUchQPEAbsM1gW3MCcUUqQsTEE0/EG9D4h5vB3ZbHd5KVIVSdISxH6kj4VA60oeg3jriWEzDM7sScvUAMOpA/fSHvhn1RnGkpIlYmUnM+rqASFHX9RzBIvr6pcUtYNRlB8QH3D+bQb2VnBaF4NZISoEylC9g4D7PToI1MwypiykpeaAx0Gbfcuatz8oSlfxUtSxQsoFwdAd7Ra19sklEsZO8nqGVaaoYpoVEkFgb2N+cI+LYXuVBPeZlipCQwQrVNySX9OtAmCV/7tDJczEkWeoBUTS9QPKDc0We5LYteM4qZrpmoR3bVSHBBJZwon0DD9kkpS88hSSROlKKUqsFpSHZRLOCG+e0F4TC5CpcxJySyWl1KlKcFn0Zjal46wubxKSt1ZivKokoAZiCS7AUGpJFhEYZ29MfB7+Sr5/p92jHeHCrAQZnjlgEFLt40JIt+oA6ZmtBvafhISsFIATMBLBmChVXKoL+u0edYwKmJRMR+FNQs1SapU5yqSAA9Q1qpbePUuF8QTxDAomAZJoLXBCJqBUHXKq7m6ViOjHLfFPy43HLVI+H9oF4fCTQEd4uTlUhKiUvLUQKkAkBL7WKeZHczjQxM7ArlzlyJik5lSlZihaSvKtJahWChQBI9IgkTzKKp/dEmWkhcshgoF8ySa/QhxD7gHGsHiEFWETLKpaAgoSlIXLQSDlYN4QQ7JLEilYLNFtTf9TeBy/wDcoOWmIQSpqeNDDN1yrTy8MefTOFTkfh99+GKVDlIq7A2cPVJEeu9tJMxUhGImES1ypiWRsFEIUAr8xUooVsyWu70bixSpHeaiir3Jo+ltdYyvbbG8HfY+UyZlmCUpDPo5Nd9D5Q5zsX5wH2cw5l4ZIN1+KjV+VdT05RPMUwJJYDU0EK3SpNkPajAhK++SPAssrYKqQeT68+sLZM5vL+ee8W2WqXOSUEulQY03sQ43seUUsyVSlqlqBdNKvWgUCH0YuIrsuqZrw/eoCRz83+JB2Bodnah18045ghJnKQl8tCl7gHQ8wXHlHqfD62enn9ornaHByp2ISFgg1AINCoFjTnfYl94iXVP4oAMTyMOtfwIUroCYu8jhUpJ8KE9aGjA5jqNYZYcMUgJflqAUnU/E+WC5HFU4P2dm5guYnKlNWOrGxawaLPORmO21gaBYBLmulHg5RFtSKUb0LN+YUgVdSw6tRnfNs41FYi3ZlWIxKipxlqxq7uwd67xqJUzQKFS3FN9Y3BobIZs4M/z/AH9YDVNjtSX9+9dYhUiGblanjgrjrLHChAHAUYwzDG8saIhnp3I8Rb3zgaaliRtB+FSyc2piDGJ18onHL+tKuP8AO0UmLB2exndzA9ETBlPJQqk+RbyiuQXg1v4TrXzEaM6tGMWqRNRiAG7s5VjdJoX31+UW0ZVAWUkgKHS4IO8Vjgs7/cSloWcykeEvqg/CTuR8P/xgjs3ilpC8KfEqUCqU5PiRt5GKnLPKaT8Qwy0KK0goIOdJOigWd9Qq7/1EFofrxCZkrv0BTTEtMKKEEAggsRZzTYnVoX8Kxa50konJKVB3BQwBJLZXJcM1eZpA3ZnG5V9257qcaE6LHwnlmA9YWuNUBsTJTMy90HBsQ5dr3r+0AzsEZi0JlEiZL8WcFVHokAAElSlCjA2i2YjhYlImGVmKVfGGcgvW1WNXYObsbGt9le0f/wBPxhmzJfeoJBCgXYAKRRv7jUPYULwsulRLjp+afKRNTldXjBUq9GWaZkb1AMR4fh6VzMgWghWYpmKJQFNR0EMW2rqDrDXtTx4Y2cZsjJ+IAopQTmSEOhNSkELUZiqEUGUneAFcYURh5eLkp7pC2UQl6MySWoas++0LDUa+LWM0xGL7vKVKVnSgoSosoEk5SAwJGpBHRqw47GcXRhceZMx0IxLJUHKQiZldBBdg5zIe5dO1EsyWiWl1rUmQE5pKgzvnOQDYOEnTruunyV4skpC1TZgdCUpJVlRaiRQa2DONhGn0/wDokyx5er9sV93OzHw5wEqDUJLhPmQkW1A3jzfiQm4TFJnYVQSoPkJHxA/FLUHYsRZtofyMXO4nJw0tSMs1KyictSdUeFU001er/mSoaGDOL8Ul4ZMxWBkZzKSRMxRQFKpf8RQp4tAaWpSNLy4ZwQ4/tFjMWEDEqQgIOYS5aSkZrArzKJUWNBQVs4pNJwZxUxKUgAIUFLetBdKTbWxvvWD8RixNwUvvMTLxE2akGWEhpiZh+JAU5Uw1Jo3KHHD+HIw6CGGZXxHRtAHJo1zqXPTPONcLsFj+PJVmRKRmUk5WIokp0PQf5tGuz4TMxARiEBaiCZRfwZhUpyswo5BY0BgXjuE7qYcQmktTCaP0lqL6aH10iTC4OZOLyboIV3pLJQQbubs1g/lBhq8/R5LcePh9xnCKCEzUoCWV4wHHgOobbwk9DCbtLggpCZwDkDIRumpFTsrc6m5gfjZnTitE9Z8JI7tPhSCLEgVU9CHJoYZYT8fCkarluDscrg8mUx8oecLC8EOFzJkEpuLu7buAkg0uQKkPq0J5mMM2ipYB1IOYE1ZjRiKjm9IsWCnFaEqCWcOA4DEAWqRvR76iK/icScykiVkIeoXd7EJa1aVpzsMcf9NL0kwk0rSxFRQ0DquATWxc06iNqSyUqAUwJLClQQaFtApWughctcyXPEyWHExOVadHBGRR28TJfm2tWU/xpWAKH+mlXYBnZT3DQspqnHQm0u4cpO98pJqHsKjnA06cAy28W9epYkW+KkanYk5S6iAnR6gZUqADs75R6wmx03OsIS3iOUF6asKVuWccoJBagxOOBUfFruR9KRkSYbgkxaEqCcwIBBZR0s/K3lGRp6xPsCmK9/WBz0/gx2sXfatOm5vWOVN7b0tGTXSJXv28Rn37aJFXv8/4jj3rSA3D+/YjRJLAXPvaOi/t46ww8YJ0hiQYsMw2+0DzRSC5MrOoAexBeN4eSwQCTyH1jLGNVaKo7QavDTEdnpiUFeoq0LEKAFbx0blY6s7WPsliEjEjNaYkp5ZqFL/9gIsPF+BmYoLSrJMSfCW+Vt4oOFLnKL/l66R6V2c4yMShl/8AIhhMfUWC/sebbxWLPPc5hdOwGJWPxp6iB8SUgB06glIFOReOpkg5MoYEMUnYj4fJwIt3cAhi7dLbXaEWNkMo7jpbz1tWKyx0iZbPeGcS72SmcHzMyhzF33qPrAXFezsme65bS5r1SwKFnW9jpmFdwWAhfwHEiVOKFfBN82UBz3v5Q8nSyhRGuj7ctYk9EUvhipKkpQkp1rdtfEkBBu+hZ6CxmXg0rkKK1A5ywLjxXKwAWqGB0uBtDyXjXDEZuTAj1NoixWGkzv8AklJFXo4boxBvC0e687wPgGIlqCZqZfhSmYVUyksUjVvk3OG+Hxk3AYtOIRLK/CUTJepSRzDvcU8t4n4vwyVLn5pRyIWllBVXBNSl66PrZ4sSOBYZ3Kp6zuVhj0YUHnBLdr8llxhX2h/1CE2SqThMLMwpVValBKWJuWB8RJs+7wZ2Txx4hhFYadiFibLQUGRLkKBbLlSrMkEFw1C1RUWMOcJw6QhimRLDaqAUfVb/ACpFX7QJm4PGycVgyEzZxMtctqLo7kWankwO8aTLlhcOOD7s1wrD4eUlcqW05QaYtQAUFfmSG+EBQal2q8MgHc+3+sBf7aelSpi1DNMW6kZPzFvhAIOm29N+8JjUzEFjUEhQrQgsWoNReMs5Y1wuNEqAYggF6EUtWjdIW4ZU3BpUmWlU7DEHwJIEyU4LiW5AWnZBbVtoOKgL6RFlUS9vUROO5V5as1Svj/FcLNfFSJwUUjLOlqGVYD+FRQoAukliwZi+kT4CYqVg0pbxd0kM4d8tWr1u0R8TThv/AMiULmBvypJFaPShJ+e0QTp5VUuPTmf29NKxeWdrKYyOMNMdMvQpTXkSouSxfXQ2itYnEzFpzZEsagAkLS9aKKikk1JDMdxeLKZ4AYUWR4XF2LlquWcOADvpFbxMxiopT4Qa0cJ6N+WouxGripjDW1Zb0gXiBMSUqF9FBiOYqz/2kgaxLgZ/hUks6SxzAfDQpJ6gKDgCyYFnrChyPukQ4rMGmJDqSliP1o1SdOY5gRrljwjGtYzGFICQSwoASKtR3AGhhZJmp8SiSFhjLVspLkPydKR1I0eO+KglIUn4FArSXvoxqwVmoQNYHwkmsxJd+7UoU2yk+WXMX5CIkXaZo7TT5H4cqdllglSQAKBZzj/2jIEwWPlhCQvDS5igGK1LWCWoAwpQMPKMitT8RyiUmzUGhpyvHB6/PrWgiXLq1eht6cjHBSefvesYuhCTWOFe7xIofT3rHCh7pzgNE3to5CmIMdt7pGSUOoDnDCxYBGRAP5lWi6cHlDKKdYo8rEOrpQRbuHTVMAIxbyCu0EpIl2vT/MeQ4hLLUNjHsXEsGqbIWg/mSW5HT5x49i8MuWspmJKVC4PusbeNl5bxGkKasP8AhXEO5my5wJymkwDVJoselfSK+mDMDNFUqsbdf8Roye2YUAJBJzaO4q9Qa7gg+cCcQQzqbRqAn5ecJOxXECrDMo/8SjLB3Szy/wD+h5CH6ZgUOka+245/XVVrGYc1FRqHajGhGpY6RYsFiBPkomFnHhWDuPs/rTeFPEpgJDFmMQ8HxndTgCSETaFiaK/KfNm8kxF7XOj2ZOShsxZ7AAkkjRKQMxPSO5nDZ8xClISJdPDm+NRAs1k/+UA8WkLQtExLqXLXnDscwsoWFCkkXu0XCdjpRQnFd9llKRRJqC+yfiCmSAw10h4yXss7Z0o2HwaCl6kmpKjXzfXSsHdlFqAXKWXMssk7oPw+jERHgUDEYoypa1S0rzLTQZlN8QSbB6kXN6jRmOHokzZfdJCUq7xCj+ZSklLFWrshV9IeU4TjeTHLFZ7ZS1y5uFxiUlacOs50AVyqABIGrB6RYzNEK5uODlL/AJikOR4i7FvN0tuDGbasnduMGJX4c5M9Si6UqdNfiALihFPNmgfgucSgVBlKUVln/MXq1zzjU2fh0KClCWkgEqUUgMAGPiapdksDra8L8T2j7w5JNAX8ZDk3+EaUBqecVd1EkxPp2NQhSQpRKzQITUn0sOsLOIcRmrBSgiXvR/VThqUYV5wBhMehASWCioeIguo1upVB4iCzCvMQJiuIhVNDUAEswsdG1LnfyiYbqUECYFl1F3puf0gfD1F9zBeNnhKSWVmFSxDKToRQgtY7MDq8KsKvMpyd2i2YbDZpTK0TmFKg+fWIz4VCKTxZE5IlWUCCBR/6iHLGl205QgliY1J00PcBZbyrS2jRNiOHZZigmikrdJFwPiR1YMYKkSAgAlgBQlSgKFt6noPtFSTHlO7lwBRhxLHQan67R3OIQl5isgZ2PxKB/SNOpYdYInzqju2Jf4m+GpbKkh6Nc+Q1hcrhxnrIC9MylqHiLOHLmrkpSKa8oLmqYSdl6MZLmZ5YTlQEqMtN63WCdLFfVIAZ2ibGt30kg/HLUk7eJGQeoNesLZSES5skuSMyStwzeLxBv7frGY2crMAWT3ZyAD8rFqa3D1cxWM4RewUyWp3AcGthrG4b4jGkECWgZQlIci5CAFHzUCY3DJwUk/b5c+cRlD3b777RkZGLoRTR05+2iNStH+Z/aMjIDcP799Y7wodYjIyD4c7MMMghlaZoufCl/OMjIxbLJKqIVdo+CS56CFJrooXHOMjIuIeU8RwKpMxUtVxqNRoYgB1jIyNZdxnZq2HvCOJmQrOP+OY2cbMbjmLx6Dh53P6/fQxkZDZZQu4mgZiz0uOfsQsmHMkix+h3EbjIcvA0tfAcf/uZGVT95L8K9jq/pCzicjuFZ6qlE1SfyE3UnrRxre98jIeV1NljN3VZi1lkT5R8csiYg1FtOhFCNjFj4xxpM5ODmoDJmKUtmsAhQUNviUY1GRpbwyxnLaFvrCHG8RkyxklS86wwKlOGylxX4jWt66vGRkRF1X56Qps/iagGwcUGw5dY3lBJU3XlpaxsP2jIyCnpyUi1aczs1rRv/ZsPEDVtTpUaxkZCM04VwwrWkpSAASb7016nlWLwiUmXJU/xEda1jUZC+F9ebY/jKJYOU5yrLlSxoyQPGVCutEljqdIHwWb4lpBJAID7g0dqE3J+kbjIjK7a6k6a4ljL1JAV5ipoCTUV2hEnFAqI5MSGzZQoEhJI8J5/akajIeKcujTtHwz8HDzaAzVZmBNluBfX8Mv11vCbCYKZiMT3SWzrWa6AuSo+VS0ZGRW9M1v/APu+VhfwJElKpcugUpPiVqpR6qJPnGRkZD9YH//Z', 2),
(2, 'Diario Gravity Falls', 'Diario 3', 30000, 0, 1, 'data:image/jpeg;base64,/9j/4AAQSkZJRgABAQAAAQABAAD/2wCEAAkGBxMTEhUSEhIWFhUVFxcVFRcXFRUYFRcVFRcXFxYVFRUYHSggGBolHRUXITEhJSkrLi4uFx8zODMtNygtLisBCgoKDg0OGxAQGy0lHR8vLS0tLS0tLS0tLS0tKy0tLS0tLS0tLS0tLS0tLS0tLS0tLS0tLS0tLS0tLS0tLS0tLf/AABEIAKgBKwMBIgACEQEDEQH/xAAbAAABBQEBAAAAAAAAAAAAAAAFAQIDBAYAB//EAEUQAAEDAQUEBwQIAwcEAwAAAAEAAgMRBAUSITEGQVFhEyJxgZGxwTJSodEUI0JygpKy8GKiwgcVJDNTc+Fjk9LxQ4Oz/8QAGQEAAwEBAQAAAAAAAAAAAAAAAQIDBAAF/8QAKREAAgICAgIBAwQDAQAAAAAAAAECEQMhEjEEQRMiUXEyYYGhIzNCFP/aAAwDAQACEQMRAD8AwVnAwty+yPJS4QoLP7LfujyUqhezVWhcI4LsI4JmJLiCdCtDqDglFEwyBSWeNzzSNjnng1pcfAIgFAHBLlwVn+7JwKmCQAa1aRTxTPoctK9E5LyX3OtEWEcFxpwTaO9wrgx/uFMgseCnNSNs8m6N3gnfR5P9N/5SmoVtDx3KePsHgqbo3jVjh2tKWKehzBTpCthNjf3QKZrxwHgqAtPJP+kZafFOmLouuLaafBUZmDguNpPAJlXHQE9gJQbCkiCRg4KvI0cERFgmOkTs/wCE0SPuibe2leY+aRyQaBLmck0xcQjIud+8tCe25xvf4BI2UUGA+jCaWcloW3VGNcR7/kpY7JGNGDvz80o/AzTIq6CvYKqwy73n7HiKea0g5ZJhKA3AEf3NQVL26VoM/Eqzdlhidi+rx4BicS4NAA8KnlVJa7JXMZH4IdLG8ZZ+iRwbXZnm5IIXzHHhjdG1oHWaaDeKEE8TR3wQs0VyKps7209l7XV7Q5pHkqBCnTWi+KVx2I5vJJg5Jrnc0wuPFGmUtEmAcExzAk6RNc9DY1oYYwmFq5zym1KZWJJo7CFQtQGI93kr9VQtXtHu8gqQI5A5Zz1W9g8lKaqrC/qt7B5JxkS1se1RI480hdzUOaXAU6Jy2cRzW52EeIY7RMNWsa0driXf0LBlhy7VqrplAgc0uwhzhU/dHDfqUmaPKNCUWP76JpQvD8RxVphI3U3g+KktV4kgt4+0Sc+YQx8ozwCnM693BRApeEfRTHi3bLDnE5N1UMhc00IIPAggrS7KXhHEwkgY3lwDjkKgDDGT9mta88+C0xYyboXTtY+mZ6uWbHZCrjlWhpyRSo6fmVJqjzy74zISOkDSBXPQ07/KqnlsrgHuZPE9rBUkStxU5NrxyHHLivQIYLLHKZDFFhwUOTaAhxPs01FNab6bkt42uzRwyHBFVhwN6rCSHOaQBluDgPwlOmiX/qk3aWjzFtqcd/xXEk6r0K857ODah0ELujiEreqzOrX1aCBqOjr+JZa/ZIDZ4JYosD5CDJQnCDhoWtBOlQT3c0r/ACacfkqTScQbBbxGKFtRqDw/4Vq67cHyYOjjeCCQHhjKU/jy+JQaQ1CqStS8b9i5obtGntHQktdE0CpIIrUZUpStaHMo5ZbWY7veG69K4Hsow/1LEXE7Kmdeld4GPLyWiifVhYTQYsXwA07gunj5QUW7pmdETbxxOGHEAQA4E5E76EUy5KwZidd2nJVwwD2RTzTwmWNLZTGqdiuKjKfVMJTl7GlIlqmlE46qa4pxFNVG5cdYxxURCkcmok5ENpZ9W+nCvbTPPwQF8i11nsZkqN1M+/JYp5IJB3EjwSSQIzXSHYkwuTS9ML0Eg2SF6TGoi9Nxo8Q8iYlNxKMvSYl3EDkT41QtPtHu8lZDlTtB6x7vJNFCTlaCkLuqOweSkxFdCOqOweScUtlK0JUrqlcSu71wBB7QCNRaKnZoYejLi49Nio1tRhw5Zkak6+CsMKF2GHZMDRNL1GXppKBYs2O8XRElrQa6g1p301V+w7QTEmobRjS8ADKoIrrX7NQgpVq6pC2SrYjK4ggMFc6jOoAOLKuSDruiUoNqro3NjvFr8EvsjonFw4AubQn8jvHmmXkC+N8QqMb2yYsjgLTGakVGpjJ1+0sfbn2oVc5skTCRQBjmMFNAMuVe2qpmeXfNJ+d3zS1L1RKPjwfbZvHzSOke8k0LQMNBmQ5xDm58HNBqPsjsWQvu1udK5heC1h6oAADagEty1IrhryVMTS/6smf8bvmmNZRck/dFoYuD03/I4pjgnqazWN0ns7kSsmkrZVu95E7W16pJNN1cNKrSMVOyXWyKVkk+ItqRhBp1i04c+FVbLhUkaVy7FWD9GSUoyf0kqSqbVISmYyOc5ajYOFj3S42NdQMIxAGmbq0r3LT3TYo+iid0UecbCeo2pq0Z1os5sbHgtVoj90OHc19PVYp51OEkvQrlZd27s/8Ah2lrQAx7TkKagt9QreyMbPo0bg1uKhqaDF7R1PcpNp4HOs01cxQObyDaE18CmbG52SP8Y/ncoqb+L+RPRmNsLITbQ1tKyiOhOlT9Xn+VXG7BPwkumbUAkBrSammQqSPJWds4cNoskn8YafwvYR5lbSq0rI1FBc2lo8OXRuoa0U9uhwSPZ7r3N8CR6KEBakO9oJ2e8hWmGnNYi+ow2eQDTESOx2fqthdzmB3WAPbog+1UAdNiFKOaNOWXoEs2krJ4ofXxRmSmOV8wgJpYpfIjX8TB5aUmAq46NIY0ymK8RU6Nd0aslibRHmI4IhEaqWhvWPd5IlRULUOse7yTRdiSiE4SMLeweSVzwooj1R2DySOS1sq5aFdKozIU4MXYE+iLtj7EetVFcSF2NuaIsCDHgSNTkjQrzrpnDOkMMgZTFiLDhw61rwSssmEdntlJLWx0jJGtDXYesDmaA7u1E9kLqMN5mJ5DjE1xJFadZgpr99aT+ziPDYwfee93k3+lQXKwG9rY47mMA7xH/wCKg5u2iEsjbaJf7Sj/AIMZ6St/S7996LXTc8H0eIOgiJ6NtSY2Ek4RUkkIV/aJFWytA1dNGO0kOGa1rGACnAUU1LSJXUUjxW69n7RaGl8MeNoOEnE0Z0Bp1iNxCpW6xvie6ORuF7aYm5VFQCNORHivU/7MosNjr70rz4Ub/SsLtznb7R95n/5MVkzXjyuUqM+WqSCRzTVpIK4MTgKGo3JrLSjaouWyaQtaJGuBD2EEigNahTMVS8r0xMYx1a4mU4ZOCstKvDo89JrtUWrLA6R4YwVc7ICoHPU9iv3jcU0LOkkDaEhuTqmpqfRO2RZW1M5B5/lI9VsNqocVkky9mjvyuFfhVY83kuGaMF0x7L1xy1s8P+2z9IQG7TgvOagydGXeJjJPjVErklH0azihzYBXcCOKo2iOlvjdT24nt7cJqfReesjU5r8ih+3NxsczUPa5uo3tIQfYmU/RGjg54/mJ9UQEQG74+SHbMgtEjNzZ5GjloR5pYZLg1+AMZtsCYo3+5Mw9xqPOi0jnVQbauLFZZabm4vykO9EVacgq83wX8nHmG00WG1TD+LF+YB3qhoWh25jpaa+8xp8Kt/pWfAXq4ncEysehWobtA6ga7tHr6FEwh20TKwk+6QfjT1TtWqGWtmddOUwzniqxek6T91S8ED5WT9KV2NQdIEolCPEHyE1U4FQdJyS9KhxBzLCoWodY93kFP0p4KnaH9Y/vcmihZSTQTjIwjsHkkDwomuyHYElUKH5FoPCaXhQY11eS6gcy3ZW5d6vsVWytyCttC4aJbu2zdJLHGPtva38xovWtpIwLHOBoIngdgbkvNtjx/io3HRmJ/g00+JC31/W7HZphxjf+krJnl9aRPI9k+yjcFkgbvLMf5iT6qpc8ZFstrhvMIB/+upV26nBsUTPdjYPBoCbdzaS2l3vStz7IYvms7ltkrI9pWFzYQQM7TDWg4E+lVomnKo35oTeMeIw8pMXhHIR8USs76tQUtI4HbEx4bFCOIc78z3H1Xnm2A/xs/wB5v6GL0+5mYIIm8I2D+ULzHaxpNsnP8fk1oWjG7kzR4/6gPRPDErWlOKszcC71GbDwcPMIwwoTfA6leDh5oq1VxdGXyO0Htk5sM+L+B3otjbLR0kT2VPXYW68QQFhbh/zKcWn0PotVZGnKhXl+en8t/gz3Q/ZycfRoewj+YqxbwOms7+Dns7nxOP8AQqN1MLY8PuveO7G6nwVmZ2TeLXNcM+OR+Discv8AY397/sXkFY3BUbKwsdMRvkxDvjjr8QVLBPnlvzz+SflUkb6fCvzU1rQbssWsB8b2e8win3gR6p0MtWNPEDyTGiiSNnVy0GQVOTqjkZbbuOpidyc3wII8yssGrb7Yw/UNPuvHgQR8lnLouozl3WwhtN1a1rzHBev42RLDcvRaNcdgxV7dFije3i0jvpktk3ZiIZue89lB6FZa0swvc33XEeBorY80cjqIbT0edFqTo1dtkYa9wG5xHxUIorWS4IiEaeGqQEJzShYeCIwxO6NTNKdj5JbZ3BEIiVC1N6x7vJFKofa/bPd5BGL2CSVDo9B2BOAXR+yOwJzWqhMsXbY3zSsiZ7TzQcuJPIDPuW0vzYBsMPSMnc5zRUtcG0dxDaad9fVEdhdmugH0ib/McKBvutNK1/iNO7Tiu25vijHZ7iKKcpFoY1WzEWfRWGqjdPsBEWBcx4oP7HxfWPPBlPEj5LWWuEGGQVzLHDxBWZ2WdTpDxwjzR3pljyq5GXO6mGGnhu07k6GWhdl7Tg7vo1vkEItFoLI3yULg0F1Bqabu3JZ5u2Q/0SKfxD5JI4ZS6I8j0dz6kcRn8CPUqYCm9efQ7bMGsb6jTNvfvVpm38Ohjl/l+a5+Pk+wykjdRtIAA0GXcF5nfwLrXMACSZCAACSaUGQC3txX9HaWYo2vAblVzS0HsOh7lm7ms2O8bRIfZjdIfxOcWj4Yj3JIfQ3fo2YJ8G5fsZt1gl3xSf8Abf8AJUiV6xbpuo7P7Lj8CvJW6BVxZOZsw5vku0Ub3P1ZRSLQIZe3+WUSsx6o7AteIj5HaClyH65udK4h/K5aWOen/HBZSyOo9p5j45Ix0yx+ZC5JmKbphOOeh3Zmu/v9Uk1sAzc9rRpmQOzVUo358lBf91ttDG9YjDmHAV11B8B4LJHEuWyXIuC+ogcpmfnb46qxFf0I6xnjG4jG3PnqsYdlAD/mn8o+ajnuKGMVknIHJoqTwAWheLif/X9HWb1u09npnaGV5Gvkrdj2lstKdOzPmV5FHDjfhiDiN1aVpxNMgtzs3cLYqSP60mo91p16vE80+TxMWNW2xozdmp2kbjs0nIBw/CQT8AUH2UZSJ7uL6eDR/wCSL2iQSRub7zS3xFFRuGOllbxJc4/mI8gFBawuP7luRbml71ib7FJ5O0HxAPqtY9yye0B+vceIb+kJ/C1N/gON7MNfrKTO50Pwp6KgSjO0sebHcQR4ZjzKCr1AvsUFPaVGlBQOJcSUFRgpwKFHWPqqNqPWPd5BXaqhaj1j3eQRihZFqIZDsHkvQdgdkw7Dapxl7UTD8Hu9B38EE2K2cM5bJIPqm0oD/wDIRTqj+Ebz3caesMnbhy0CDYYxK16zhrTReM7X3iXyYN2p8ch8FvNsL4wMce4LyaSQvcXHUpcauV/YrN1GjQ3U36seKItCq2NtGgcgrbUzGitBq4nZP/D6ou19EDuWTrOHIHwP/KOsszyMQacPH5cVJx2YfIX+RlqG0ZEHu5KnbrwijFXltdw1cewKKUVqMxUag59xVFlwwuPWxV3nEaoJRW2QKdov50rsEQZGD9p2AHxOQ7qlXrjuCInHI9sp1IBqzvz63flyTTsjEQTjfTiC3urUIPeuzz4AZY3lwbrSoe3nUJnOMlxi6HSPUbLLQ4WjIN3ZCg4BR3JZ8AnccnSzSO/CHENHme9ZfYi/HytfHIauYBR28tOWfEjjzC0gtBrSv73rzskJRbiyqlodfM+GCU/9NwHaQQPiQvNyVstqrXSDDve4DuHWPkPFY2qtgjSN/i/pbKV5nqH97kRsJ6jfujyVC8j1Mt6uXaaxs+6FtxHeR6L4RGN9c9yHsCt2Z2XZl++5LnjaTMeTosNTxasLTU0aNc9OahbWulUskVahzcuYyKycV7MzYIvLaNo6sQqfeOncN6zz7QXuxPJdxqfgOC28ULQfZFOwb1a+ixGnVFd+QIV4ZYQ6Ry2Zqw382MUZA0DfRxqeZJGa0N27TxOo1wcyupNC2vaPknWq7ItHRs7QAPiEBvW6hEA9lcBNKHUHdnwTR+LK69jO1s9FseHCaEGuYI04qIPDGho0Ap4ZZLP7G2wkOhJ06za8N4+I8Sj1rblXgo5MDi2gqZAZK8q8VlL8d9c7saP5QtC4rKXk+srzzp4ZeiHjwqdl8W2BtoWVir7rgfHL1Cza1d4MxRvHInwz9FlaLcik1sRKlolAXWIICnBIQuBXHDgqdp9o/vcroVK0jrHu8kUKz3O6IaWeKlB9UwCmQAwjQBdapsLaVTLPaMNni49Gz9IQC/bwLI3OJoPieACjI0xMXttby6To+GZ7TogFjbV7RzCWQSTzUa0ve92TRmSeAXoVwf2fBtH2h5LtcDMmjkX6nuoqxSjGibblKwRZmE0ABJOQAFSewb1qrr2RkfR0pDG8NX/ILQWOyw2dv1bA3nmSeRcc6JLZeoA1SSmiseXoYy74IM2sBOlXZ+aEX1tNgB62iFbQ7RtYNak6Ab1kbNK60SFz9Acm18CUiuQMkljVvs2d3Xg9zGl+p3dvFX43c1mp5pIw0RtqKa0Jz7Boo23jatzD/wBspvitHlt27NvZ3ZZoLtVerGRuhaaveMJHutOpPA0y70Fx25+XXHYAz45FT3fsw4nFMaDXCDUntdu7qqaxKLuTHTLewUBbjlOjqMbzAzcR8PitoQMiOHgUMs7Q0BrQABkANAEy3Xj0bcs3H2fmeShkucrHirdIGbRWrHLhGkYp+I0r5AdxQlzVJSufx5pHKsY0qPYxxUYpA28icPj5K7c+cTOz1VK8cwjl1XRK2yslcGhpzHWGKjjkcIzGqvjaXZDyfRI1Swup3qNgUgaqyjaozNWqLDbQRmAFzra7KuSiJVad9ASTkFleJGGTadF5rwd6lY7RZ4XwwbnfD5pTtCBpGT2kD5oPBL0gps1jiDxQPaW3ANEQNSSHHiKV8K+iEWjaSQijQGc9T8fkqNlgkld1auJ1cdO0lPhwOL5S9DNmn2Of9Y53BtPEj5FegwsD2Ecsli7os7YWhgNTq48T8lq7otFTRV5KchaoGXi3BUncKnsCw8jqknjmV6HtVZHFpbG0uc6lQNw1zXnttgcw0e0tPAgg/FKsfFs2eN1ZATXJZNwoSOGXgtQiN07KQSfWyPc7Ea4RkBxBOp+Ca6NE4OXRh2MLjRoJPAAk+ARKDZ21upSB2fGg8alemQWWKEUjY1o5ACvad6ZZ7xBL89HJHkDHx/uzGWbYec/5j2M5Crj6D4okNg2EZTOr2NpXsRm8ryowuBzpQd+StWG1DC0cknyMf4opGAvjZaaDrD6xnFozHa31Cy07use7yXuQeHaLz7aS74/pMn1bfsnQb2tKpCdkMuOto1lnJMUX+2z9IQa9Lpntk3QxjDFHTHIR1Q4itAPtOoRlzzIWpuqxgxRE/wCmz9IRTEGjgl92HtUDdn9nYLG2kTesfbkdm93adw5DJWrXawNFFbbdQLO2+8Nc0spjwgWrxt/Hcsnfd7vIpG0uI1oCQ371N/JUr3vzVjDnoXbh/wAo1cl1UaGg1r1nO413/JSk+KuQ7nWkYkMe99X1rvrr/wClp9nLnfKaxt037gOfGvBbC8LNWE4MIcxuJpLGu9kVpR2QrxS2SW0ss7bQJWvAYJHRmMN6tKkBzd9OSdZeStEZTVVQSuq4Yg36wYn78yB2AA+aLRXVCNIx++1B4bfPJPGxj42xPj6YdQl2CreqTipU4td1N6ku/aNr7VJFl0bQQx28vZ7deVNPuk71KXN+yKjBdIJ2m6I3ZgFv3aeSaLpioRQ9tc0A2bvR80wPTuocbnsfgDcLq9E2NtMRIFCXadqR1YX2yVj5HuhwhmOR7gC5oL3OZWjgMVdNyVwknVhSj3Ro4LshaMxXiXHT0QW33dYZX0baGteSAA14cCToMJJz7CFLcNo68p6Z08IjBe9wqOlNatZQaYadUVpkoLksZ+ktkgD3MOLpHSwhgaKZCI0BBruApTVdGLTdsZVHoEW66TF1c6iuopUcUKlYvS9o6CzSlwGTDSu5x6oI51IXmcr1qxTU1sMXO7QOtjeJRS5ra50OA6Akb9zjRB7wdkr9yey8cHu+fqqQim9lMrbirCzFKFHGpmtVWTiI5QSt3Eaq7gCjexIxcvj89+wObsjJ0PiVNHc0R1afzFWnMSiSiSUpejE8c4vYkd1Qt0jB7anzVpoAFAKDgFGyVNkmHEKH1PsZEwkUsl5mIAg0LnNaDwxED1QqSfgq9oGJpBJz37wdQR3q0cb7Kwg29m4sl41NHH/2rtpwObhcGnFuIBFOJqsBDedaB/UkG/PA+m8c/wB80Ss16VqXHM/ABLya0zdxT2iW8tnYzUxnAeGrfDUd3ghVktJgqyTIitM8iOI4haGyzlxz3jJNvO7I5W4Xiu8HeDyS8rHToz9qv5nvDxQd1+ta55BqDmrNuumONxDmDkeI4hZ+VzG4hQa5JuKC8jJ7bfuOtK0+SvXbfJJDQaVy7FmJJG7ka2XuwyO6R1RGw673O90epXSxqhFkbZvrBKaADT96rNbR1+kP/D+hq01kA3BZraMH6Q/8P6GrsSBnejd3Q76mL/bZ+kKveFqqacFHYbQBBH/ts/SEEtNrzJKE2dGNkV7XhqKrJMtr7Riwa0yqVFtLbjk0H2ia/dG7vr8FQuW09G4u7PVGMPp5exMuSnSGSWGRrsL2lp58OIOhHMLW7I3k6IiF5qx3sk06p4E8FFHfrHt6NzGkE5g8eR+yew1S/wB3gOxNOKPnTED7rvQ6HkckG3NVJUCDi9ezZXhLLhdHHCXF7SMYLQ0VqN5SWSw2h8LYJCyOINDXBpLpHAAZYtG170DsMxaKNJHEblc+lOP2ndziuWBpUqIykkw6y6JOmMnT0GEMDWtAowEnBXhpmM1dN0RGNsWHqsBDaEgioLSa8SCfFCYdo2sY1gYXOAoS51Ku+JPwRezbS2agxOwk0qC1xoe0ClOazSWSy3B1dD7ZYohGHyRhwiALcqvAb7vhpyVG2Gy2P6xkeKV9cIxEnnUnMN466oPtJtG+YmOKrYwdQSHPA07Bvp2ILLM+R2J7sRyFTyVceJvtncWF27TWjDhGBv3WUp41Cc+/rSf/AJSMtwaNe5OjbYuijBE3SUrIWka1Iw9bqgUwkEA60OYzL2i4GuawMila5w9t5GEAUBEjQMnZZACpxjlTUsMfsI5qPZlpZnOFHPcQOLifMqG8rM5tHNaXYqZDM1O4DejluuJzDoQCKjEWYtATUNcQN+fLtoGvW3n2Weycife3dzeW/fwDcaROWba4gmayAlvSk0JAwsIrnxfmO4A9oV66o6OmaPsyO9FUvSMRyxtL2SAljqscSADq01AoQr9lyntA/wCoUsP1AeRy7NnswIjE5srWnrH2hpkNHaju4JltsEdfqXV/hP8AS7f2HxKEWWWjCOforBkjEYIc7pa5tNMBbnpw3LnilytMCzOL0MI+R5EagqN4VwyiQCpGLcePJx9fTSnKN2iNGzHkU0QuChlapVGVwWkys5iaQrRaoZAimI8dEVE5oyPIV+KROh1pxFExOX0qyrabMJBhO/xB3EcCgLbwkhe6OU+zo7iNxK074iCOFVmNrpA+QNaPYHW7f+M/EoTgmtklm3o1ty3liaBUVGnMblphNUZ6rx25bc6J4BPVOXYvUbpk6RgJP74rLKPF0aoz5IntdiEoLXtBHP0IzHcsfemxNCTGTXg818HfPxXoEallYHChXK10M99nk9l2YlLqPbgaNSSK0/hpqtbZ4WsDWMFGtyA/e9GZ7OqjLNQpZNsKSRYsrVlNpT/iX/h/Q1bOGNY3aU/4mT8P6GqmPsjlegt9Lb0EYxt/y27x7oQO2WwbiPELlyZwGjkaRir3fWV2ddPLcoYnZd65crpaM0nbCcV7vFnNnywF2LnWoPmESum9w2jXaHJ2eoOq5clcEKnQWe8NNA8U1aajMHMV58eYKaLVn7fxCRclr9zXGSa2hzZxX2h4hSdM3iPELlyVxLrJ+wx0zeI8QmMlHEeIXLlyiK8l+idlpFciKnmEfdKHjN4JOftA5+PJcuVY2jD5D5SQ0WirBEHNzrjOIezXt3/vVD7wscbxhDgCOYXLkJNkVEGQ3cxpzIJqNSNKqV8obaJqOGbs8wuXIQu7GSL0FuZTDUDOtcXwUzpmbnjxC5crqQso7FbM0fbb+YKaS2tNKubWlCcTc6ab9aZdy5cllspjfF6IXWlnvt/MFH9JZ77fzBcuSUX+ZjTa4/fb4hRPtUf+o3xXLkKOeeRE61R++3xSx22NpqXA/vmuXLic5uSpk7r7hANc/D5rL3jLG4mjsjma0zJ1K5cg42SUUugY58Y3t8P+Vstlr4bhALhwBJG7KhXLkssaLwlTNjBbWH7bR+IfNWBa2D7bfzBcuS8CnyMhmtDPfb+YfNRB7Pfb+YLly7gd8jH9Oz32/mCxG0cjfpD6OH2d49xqVcmhGicpWf/Z', 10),
(3, 'Manga Berserk', 'Tomo 1', 25000, 0, 1, 'https://images.cdn1.buscalibre.com/fit-in/360x360/71/91/71910f594113410f4497cd5312cbaf65.jpg', 5),
(4, 'Afiches ', 'Posters Variados', 5000, 0, 1, 'data:image/jpeg;base64,/9j/4AAQSkZJRgABAQAAAQABAAD/2wCEAAkGBxMTEhUTEhMWFhUXGSEaGRcYFx8bHxobHhggICAfGx8eICggHyIlHSAfITIiJikrLi4uHR8zODMtNyguLisBCgoKDg0OGxAQGzIlICUtLS0yLy0tLS8yLy0tLTUrLTg1Ly8tLTU1MjcvLS8yLS8tLS0tNS8tNSstLS0tLS0tLf/AABEIAOEA4QMBIgACEQEDEQH/xAAcAAACAwEBAQEAAAAAAAAAAAAABgQFBwMIAgH/xABLEAACAgAEBAMEBQcJBgUFAAABAgMRAAQSIQUGMUETIlEHMmFxFEKBkaEVIzNSU7HBF1RikpOy0dLwJDRyguHxFkNzs8IlRHSDov/EABoBAAIDAQEAAAAAAAAAAAAAAAADAQIEBQb/xAAyEQABBAEDAQUIAgIDAQAAAAABAAIDESEEEjFBE1FhgfAFFCIycZGhscHx0eEjM0IV/9oADAMBAAIRAxEAPwDXMGDBiUL9CH0P3Y+ZDpFtsPU7D8cRuCcyJLNJlnVopo2ICuK8SMHyyRk+8CKJA6fKiU32uccMQeLLzMsrR3NbnwoYzsHIH126KguzvXrR5IGBlSKvKcH4rlxsZ4gSL3kUbevXHSLPRN7ssbV6Op/ccYD+RYlWOR5pX8QBvFBSNWQAG9ILTMNPRCF6Cwq7g5a4nl2z8Swo8e7AEzq3lCsSHGiqIHRXoGutYpM9zInPHIBP2VmNDnAd69AnMJ3df6wx85bOxyX4ciPXXQ4avnRwqY+eH5llk0slsNklMaAhD1TUqg1YBok3Q9Mcn2d7Y96kMbhtPTPK16jR9k3cDaaMxxWBGKvPEjDqrSKpG17gm+mOf5cyv85g/tk/zYwj2r5eI8SzLsdT/mgEuruFPt9cKeQ4SczJYpFvzb7VtQUV+r3Pocdrck+7PNVVkX5ePcvUf5cyv85g/tk/zYPy5lf5zB/bJ/mxgkZ4flhpMSv5tJd117jr16V02+W9HHHiUWRzKqUQRmjpZfKNidiOm9Htff52SKF1a9A/lzK/zmD+2T/NjpBxXLuwVJ4XY9FWRWJ2vYA30x5o4Hkol4jl0zKCTLtL4ekmqDGl1Vv5dSt8RhmyiZeLjuVGVQRgRtrA/X0Sg7fVOnTtiAVaRhY4tPRbnmuJQxnTJNEhq6eRVNetE9Mcfy5lf5zB/bJ/mxmPPXBIM3xVVzLOqJkA9qdI1CdwA8hVljWifMwqwBe+FuL2e5fxHRjmBpz0eXolNQieIuSdIYaulMDVdt8WpVDSVuX5cyv85g/tk/zYPy5lf5zB/bJ/mxieQ9n+XXeYS2PEDoWG4LkRspUdkomrBYi6AIP7NyJlWjCpr1U2lwQQzUANW3QEXVj3j2rBtKcNO8i1tf5cyv8AOYP7ZP8ANj6j4xlmIVcxCWJoASoSSegAB3OPO/MvKEMMbtCZWdpkWFWKnyMu4egDq1kDt1+GLHivKSZDO8PeEyMGmVXL/tEdd12HlN2OvQ74KVDE4XfRb7mc7FGQJJEQt7odwt11qzv1H34/ZM5GrBGkQOdgpYAkjsBdnFHxDgsObOVaRgJon1x2eosBq7g+6Qwog1uLxkHtG4uW4tG4B8uYNKNiQGRCLG1kow2P7xitqlYteg9B9D92Pw9/h1+Hff02wof+P8toUMXkmQoJVhB16lUtb6lWlDLdKxNE7UCML/FeJZjNrK0rLDC77xjU3iEIV0SE2NAoAUqqTZIJIJLU7egWgPxnLDrmYB85UH8fTH3HxXLtemeE0CxqRTSjqTR2A9cYDxhIC+qMsJwPz0qkBdgErSwVWG29UDfTvjryq+Xymo5wagsLr+alUq1vo0SBQ2zM1km+imvKMRvCv2D+5ehcGIXCZSyWxs4m4slIwYMGBCMGDBgQu2c4fHNEBIivQtb2IatirDdT8RvjF4+UZ88on+mLCXOu/CaSVmIUFmc0y1qCLR9xQSbJxucQ8o+X8MY37Xoc5w+GF8nmHEbkxvSoGBNFQpCg+be+9qO2whCjZXk/L5e3zOclkB0lvCh0O9sQtu7uSSRQZQGG1EXiTwjlDMRZ4yvqXL+GSsLzNKQ1jTqLGvmQdt+2+OfK0WbbIvLxEqxjLTxs4GuPTGa1HovUhe4L/CsW+Z5zyWdXKooeTxHUyII38toRpLAUSHYbA9jhE1ltdE+No3Z5X7k85G8sqxXoUje7BJG9H06fM2d7x0ypP0g2G3ClTr8u16hp9em/YV+tiZxLIuNK5XL+HaELrKqpcHUAxBZ911/V6/fis4AiBnMpAzniU0d7ogsbAErpJAN7m73IquPptC8a4zEDatc0w7HaFnHtIyay8azCsSLWMClvcwILO+wBIOK/OTiJtCVSKDtXvAaR8R/39Ti29pEtcXmOsJXhmyBVjLLQY7WCduuFDNZt5HOoAFiASPmQB+P4Y7u0l1qI5Y26Usb8xPPh9/FX3LWVkKmTwpWB8qEQPIDuS26ggm/44pc4fM591dRNVW/y7f8AfG4eziGH8nwyQ2bUatx73lDgWQotgxI2u7xlXtMyyx8QkRX1X5gAKCgqNKj12Fkjaz8DiGvt1LI+MBtqhVw9Egs4pVr3vQUe59Cb3w08B4RPFxXKzZjRqzBklBVrEgKOfEFbBWJsfDsML/LPCoszmUgkmMWvZZALtv1a9Sem/UAdWBGn5zMoM1wyF0jaYKZEmia1GuKQzRsOteJpdNqAehVG7pRJPKl8bivjKOGlUpw+x4bugJ8dwBKyKzBN9zpO4XFPlcp9HfiDl5r+khJDJmWBMbRagSyN5mDEaSd9NjY3VlzJllfjCFhIdPDwVMbupB8dxZETLKy7kUlmyNsUOT5eQz5lAshP01EmC5iR/wAw0ZZtZBXUNX1mFjpfXDBwnxNJAKnS8WoKYoppBIdKMsZAZiRQUkXvuQd7+O5w75HgirGr5glZTRKhgQp2qzQDN036WBXxi8F8R8qfJpkEY0gr3WwGWj0bZgNqJ3xYfRQygO6ybWLHY9GB97fr6bmwcLLytBc5Z5zq7RnTC1vqpGC+cNqoAA/E9R6Yg8ycPeHM5DTJM0bZldYkYsDMGHnF9NQJ6bbYle0fhvkQw7P4saoVJBDMdtwe1Dtey/ZWcZ4SsOZyRhL+GcyBIDIzhpQw/OEFjTML+7FgSQiUEsca7lofN+elhWB4mCnw5QDW+omOtLdV2sEijXQjqEqKOTOaY45DGA9MYlC6zuSq7Ek7GyzUosm6rF97Tp9AyjG60TdO28W99B6b/rDY1hQ4KmYZGcyvHBpU+VT+hY6Xe2277hTtW/a1k5WZkZIF4CcMnwiLKRq8sqIFJYk1qc7sAQPeoksSa96hY3wuZzi75gOVIhy6KNNgGR0AYahYs6irCy1ano2uI/DsiJiLE2YC+KmtvcUh7R0ZqvYbr8Sa2FrPMXHQ0ktBbYKCVoqSPe0kVSltTV0N7jYVWyQmhrI3cpl4XkUnk1iN/CYaISykg1uxNCySO9qatttzh65G4CgzTkrFJojIeMKGoSSDSfMQBspNEbjUBYoYyXl36fNIrIzpGDuwXSDe9AAeYnoBvV9huNaizeXhRIMhKBn5To8RI6V5EDKyvIyFGG0hXcGwnbcQGVkqztQXgRtNNPenTgX6IYssV3A/0YxY4csKMGDBgQjBgwYEKT4VAML+IB/ED171332Jwle0JkSTLzZif8wAfDQi18UI4DaRtI51CgfLSt03OLDNe0fh0MngyTkMhKOBDKdLL28qEHodxeJHNnKsHFcvGviFULLKrx9T5dmW9gSD1IOx+WIUrHeKvLmrMmXzEsAOvZjFll1Hr5Rc7E3cmtQSTpsUxZvZ7w1GMyJEkYCqV2vQdWxXckmwNy1+pOHHPcRy3DkbxGMMCpoNgukhqlIJtjLYIIskg210DjM/Zhx2dcukhYeH9IEb7WxCoDZNdNLnv1S/W0TA89E+AjI6rZhD03JIN2Te/T5DYnpWKrjGVj1rKBUlhGI2tdyNXrRGx7W3qcXN+mKviUoeKJx9ZlP3qcLj+YK7/lKwH2uyH8q5gD0iNddxCmFjPMNSspoGiV7qb6fZ0vDZ7WiRxTMUaBWNTtuR4MZ26eo74TXT6w7f6v8A6Y2gLMHUKWnez7Iz5eJ1Wb31OqL3kJ0MQ3YgqQoJHUWOtHGe8Ry0sU7rLqEg97X7wNDrf2Y0jkmMyKkrTKjaiiKNyQQV8wLAWdwNwDR817YUfaNrHEJ9fvXQ82o7GgSdIG9A0OgIwthp5T5QNuFw5UEDTww5gtoeeO9JogFgOtgjevNd9fXDJk+DtleMwpKWYuXeN2rU0ZjYDxK6MCChHYoe25SeGZhI5opH3RJEdv6QVgSPtA/HF/yVxWSfiULSG2eSR/6ySMQL3A1MxrpZJ6m8XcKKTv3DPQUnvmzLo/F49SB2XIApe+lvGcatGpS9Anyhr3wv5Dg+XM2ZUaE8LM63ZCz6YFjtl9SC9DTvvtvWLrneONuLRiRI5LyI0K+knV471oV/IzdfKSNiTe2PiHNZfh6s3hqzyNrjgTyoSD+lcbkDV7qgkHQpA6FZ6LRHQjB+qdeGySmJSZDr2q0ITcE7XGhokD1I9cV2Z4usKefRGsYNqzAaQBdIe422Bojte1cOW8zxJlf6Xl1SJiGj0mmWiDRQszafnRHpXRL5kSHMTSSZgLH4yRIuoKJEfxDY0t5lOkrZrpigFprctX3zRwR8zHJJl1eSUyoWaiAoQFWKkbaeh273iHxngyw5nh7R0EaZAaOzHUCrEXRatQJ7kYbeB8uQPqeISxyarBhKII2GpfLfXoWKdDW4Peo9oEDflDIMdIqVRQFbs6kkd6sE/b8cWvNKJqp2PVpg9psLnKoYgDJ4Ui+bTQRmi1nzbWFGx7b96xmmY49IuVi1UUBePbZmjfSxQ+g2FMAD6Hy40n2nZcSQZdCGOosPKQNiydbPrQ+378qzfLMrROyN4gjEfuigNeqrvr7rixt5e11hbhZSonBrCevA8FBznHJ806xa9CMRGqDZQtgKKG1Ch+OInGOBz5avGQgHo1Gid+/2X/o4c+D8l/SxkdLrl3MUmttNnxEkcx2o3JI0i9z026DGyNyHHPk2SeJRmH3LamZQ1AFkBoLajpQPri6ylZZ7LUzi5mDLywOYo3Mp1EARqKskHqUamCjcFgaI2Mjg0U+YbLLKFVGzUjqqh/EEv51kDGx5fEvfy0JGNrV40TgHLqoWRcv4kYLQSF30sqFAW9fEUlVUWwPRuoxkHBJGTOZFxCw1Z+jmAugODLp0qQTq2JJJ/wCEdCTCsDVEcreuB/ohixxW8C/RDFliyqjBgwYEIwYMGBCUvasY4uHtIsY8W1ZTW1hhqv4supdt/Nit9n3O+Ry2TEUs5TTb0Q7ldZ1FFpLIUnahuO53xp6IGQBgCCNwRYO3fHnHjGTSPPZnLzZZjGsxSJovIwQKCqqKKuQhVqosbsbHaELh7aOa4c5NGMs0nhVqcMKVpB5Q4Xrejy2a2A29T2SZ5QmYilYqgZJAwF6G0vHq9dmaNv8Akwt81cMRfzkMviRhtNkUwvfcAnobUn1A9cSfZnxyLK5v8+2mOQKNdWFZZUcFvgdJQ+mq+2KvFtIVmGnAr0bwHOxyRLoYEDYUCBt1oGjQJofDT64puH5fMxwhJ1UKJvJ5rNHUe21em979BWLr8jw6WEdpqYuCrHysR7yAmh9nYkdDilSTPAiPOJC6h/JmIiV10DWqMjykg9mI2PzxmjHxBaZHYIWOe1eLVxeZQa1eEL9B4Kb4em9mmQlgjTKsRqXeU25LAbFuw72u13tuAQl+03JHMcZky6V4khhRbNCzEgF+g3JvDzwLmWLJrk8omoRyN4UbOtF7bSZeneXV3qiPnjRITjalxNBBtJXA5p+E505bML5WIruriwLU/EbX1GJPtgyRMkWajGqOdN26EOlAivkPvLYtuaxFxLNTZN0Mecy7yNC6EFZFCghGBo6ioX5Hoetome5iebKxQuwpHLb7kWpG1diCdvUYhuSCrnDdqXwupR+7+OGH2e7cSywAoW/zJ8Jv9ffigZwpJU7/AIb9xhg9n0b/AJSyzMCAxej8omw9yzBpN0tP45lw/G47VSRw/UCwvSRLJTD0INffiTytl1nzcsjCXTER4aTQqFU2QpjYkt5QvQAdQcSc4E/KrbjxDw9QvyM8ur8dOK/2d55GmzoUSAoyhg8vifWk3UaV0jbpv29MUK0Rj4QrvnfirwQDwq8WR1iQncBmvc/YD9tYy7nN4WabLCad8xGjankClJCg1uFA8yVpNdtq3u8azzJwdc5AYtWlrDI4+q46H+HyOM543wHOs5MuVy6ySDw5M6sl2reQlY7FOy7atIuz0vEDhXeDwrzlPMxzyJ4bho1kJcbMCwF39oI3HqfTFD7QHD8Xyp1C1ljXTf1SwINfOx92IuX4q2WzMhGXldlapPCW+gBRviCv7vjit4lxRMzxDKyhXjYTIpWQUxGoeavS7GLkDcaRK4FvitB9oob/AGOvc0y696sXFsfUdTXw9LxQcm5U5xp1UjQFjJQsF1qMyTuTtQUnfY9el1if7Xsy6x5RUYDUst7enh9+3Xtvg9ikYSXMZyaVQscQRRdltTEk0OtFCBQNkt6HFVl4CtJXRCW0CCKFjuZNda9PlCso8zDTQLNuQSABs58O4/H+byuXl8edt2bf80g6vJq3BGyhTbEkWKDEZLzHxMZmWDJjSkUcq+LL0JfSSQCNzpQtue52w2ZzmjK5CcLHuxEcBlNFUXUCxYgjV4evrS6id7IOItSW2AQrfOc1jK5mW0LhpPCanChNESsWAPU2ZCT8BZvSDV5DgORhnjmOZmZI5DOuXB1JFIxcsao+VdKjrQ1Btg4Jp/atlMvl4joAMshYtICGd5HDkgm9vf3CiiKqtNBGk5sErQTLChaAIGWQA+6RpdD1BBpDexHh2DviBas4MFfleguBfohixxXcEH5vFji6UjBgwYEIwYMGBCsI2AQE9AMJ/PmXy8TLPmI1eGeoZ0cAqSoZ4236MBrjBG5aSP8AVGLLPEPa+NpFUV11t0IIvEDiXDY50Mc8qyoSCUdgwsdNicRYU7T3LJPabyt9HmdkYnLv0cGyFbYaz/5gUgr5t6rfbGZZnKmNyGBKhit1WqquifgQftGPUcvA4HjETMjRgaQhIKgeldKxBbkzIEUY8vV3VL1AoH7tsFhG09yz/Lcz5jhZ+h5nXJk9ZGXzH10QNX26R5gp3BC1a0MaHkuYkzUSDUpkDAkqbV1ojWnwPp1U7HErOcDy8q6JWjkTbyuQw2AA2PoABg4Vy5lodoBGovUVShv0uh9m/wAsL2DdYTA4htELC/bA5Xi85UkECIgjYgiFNxivznM3jjKmYN4mXu5Ad3BfXv8A0gSaP/fHori3KGUzDGSTLRM5q3aMFjQAFmrOwA+zFbJ7P8gu7ZeAD4xqP4YYlhxCwDiPMjHiD52G0PimRLOoj0u+v24p5J9R37kkn59cekzyNw79jlv6qY/YuQ+HsaWHLsfQIp/diRhFkrzQWu9xvh05HzIfPZOmHl1Lo+UTea/sGNo/k7yX82h/sh/hjtlORcrE4kjgjRl6MqAEbVsQPTbEEWmMlLGuaOHf5tIXPnGFyvGMvK7aR9EUe7dgzSWPht3xZcgJHEsmoL40rM0kn6zajYHooN0P8cOnG+XsnPRzEUDOF0hpFUnTZ2s71ZP344Dl3LJS3GtdBsNvlgKmOUNwQl3Nc85TKBlmkJcMfzaLqIF7X2FiupGFbi3tI+krpgycrKCLfrprvSqRt169saJJyrkjJ4jLAZBvqYKTt0Nn0xYDhsbAjxQVA3GqwB8d9hiKVjOScLMOPcPlknE2WnML6ArULVup3HSwD1o4UZdQ4hlkll8SZJ4wzadNhipFVtt0xuY4Llv14v6w/wAccByjkmkEgSBpLBDUpax0IPWxQxYYUSyNcMJA9t7ALkL6FZgft8L9xo13rGe8F466TMQ5jR1CGhelFAC18VAv47+uPSnF+B5WVEXMxwvpvQZApq6vTq+QuvhilHJXDRuI8t9yYikkGjay3hvDkZ3KOCyzExIS48xVdWoVrpXYAjqA7XRBxSSprnMUkrhvfc2CupjvYGxYajTdgB6Y3TLcrZGNg6CBWBsMNIIJ6m/XYY4/+DeHXq0Za+t0l3iKKs0t6hY5zIZdELtLrWJSqX2pTpv1YbD7PWyV+GUyBzeil1MwAGvoNJr1Y+tfC98eiJ+V8i6hXEDKOgOkgfIdsc25O4cdimWI2HRO3TEqpq8Ji4L+jxYY4ZTL6F0474lQjBgwYEIwYMGBCxnmHJP9KzDFRRmcjcWQXPQdfwxBiywU+ZAf+IY58zcYAzuZVPOwncGMnQT5yPKxsH5GsWHAuIwZsFIyyuPeib3xRrobvfuPtx5jUtkYS4jF9F7aDWR7Ws3ZofpfMbELpAod9sHgp3QH12w55XkeZwCdMd9NR3+4DBmOSJowWOmQeik3XrRHX4DCOxl279hpR/8AQg3bd4tIOZyyD3Vv7P8Api+5KEceYuMMHKkG6qrX0+IGP3M5NI0Z3pR31HpjhytxRHzphRRSqTrsb7r0+Fn8MP0D3SSt23QKp7Qmb7s8E8hbRl5Qsak39gJ/cMZNzxzr9KzJycaARQkl2O7GUWunbYBba+u/pVY0ji+beLJtJGCzKpYKDRalJoEb748/8uQB5kZiSzM2vpZsMb+2hj1AGCV49jS40O4lWPFUBglBGxT/AOS4R8uWgkDxEo69GXb92NMz+SP55Fj1Ul1ZsgaSftrCNm4E0kUQy/aCpFqfu/hhkVHCnaQN3ktc9mvtAM9RZk0wG0gFA9irqNge4YAX3rvofHZCsDEdbX++MeaOD8Q8EqYR5gQ/zrYqfgR5T8CfXHoSTOmbI+LVa9DAXexKEVe+93v64USHZCmRpADu/wDhKfMXLceZzsM8zoEjhFqSdXvOTQ92mBo9/liv41x1FcTZAOjjw43ZRS+EhvSRRWtJNUCbO2OHP3L7TZhJlXMu3gLGqQhlQkSOfzkg2Aprqx0G++Kfl3gOfiDI6jLRB+rjxY2UtZDDUTVgfWF6jY745U+JC5zsDpx6+ywyOJfk4+3r1lM/GYstMv6WGWbyl2Kg3HJqWiRsGKkgA9elYz3m3gMOUtllCUoVoCWWUqxq6qmQ7WL9fli05k5alWeNoGacWpSZEtVcG9JVbqjvv1Hx3xfc3cFbN5RY59DZ9EtihoLROkt6DeiP+mFtc2Jwc11god2bHbm5vuPr1lZNPlIX8+XVtOwKkDULrcAX0bp6/hiz5SyD/ScuUjJKSCS1HRRIuptuw2v5+mPmTgsmV3XNIrlSj6C4DI2zKSRuPsHb54uOHc0zscplJUQyQyokWZU0/gGlKGtnVkIHy9euOnd8LUwZTf7U+CZjODKtDH4gjSUudSrpBMVHzEX0PS8JUHs74gy6hlKFE7vGCK7Earv4VjYTntGaycWkHxUlNkny6AhBrodz36dsfEnFc2+elgjMIijRGp0YklgN7Ddj8O2Mmo1T43lorAvPdx+0xrLFrJMv7N8+96cuuxINyRjcGj9b1x+SezPPAgNBGpIZt5E6KVBOx/pD78bjwzhs4SQSyUzszq8aKPDDD6msNZ+t5tXWtwMfWS4My07zyzOpOlpDHurUCKRFWgyq11djY0awNnndZoflBa0LEMx7KM8pUBITqNKddXsTuCARsCdxjh/JrmUYiV8tGFAYs0grqQBdVZYVV9xjePyVtC4mkbwmZgGZjqJBXzG96DGgbA/EKWdd2kjiihSTLGNWZ538UhWcszUz6vJ8elrWwwl2tlaadXrz58FYRgjCcuFzF0s9cTMV3A/0YxY466SjBgwYEIwYMGBC85cx5krxLNUBS5qRtxd/nD8R/o9cVvGsrLlJo89lDIiFg0chslZNyVYnY3RNEm1u73xcc1wXnsyQpH+0S+p1AOTY+QxWZ155YPoysfCLB6LGgQDR00fUjbuRjnbw2W+nVdmSMvgFcil6P5I5lTiGTjzKgBjtIo+pIPeH8R8CMXlADbYddvxxgHsd4i+Qn8DOFoY82qPBqB0vJYqmFhSVIBBr6oNbAvPCOdczPxSbIyZdRFCXJkVjYUDymQHY6rG23W96w587W34C1ygwlcvaz4SaRoYtICdl8oYdDfqfhv8AfhG9n05bPVtpEbVQ/pJ3O/p3xK575kkzEuzgIoKhUax1Nm9r1Cuvp98X2eIBnLrrEd7/AKS9R+75Yx6YM7YuaME2us/cNNtd3LZuZEc5BxEwVypCk1V0et+vT7cYLw3P/RZQ7xFqsMqndQRRI+IO1bbkCxjfuOpGck4mNRFGDk3spVrOwJ6egxlXAclGmZR3aKaFgy2hBDMBe6HzbjzVXWx6E9g3sK5MLw1xvqCExZSaM5yFkN3oYg7HS4okg71sPuOFznfgUELEK+/mAUA7KSSq2diVO3rpI9MPmV4JlllikhiRGDbFRV7ix/r0wyy8MiLFiBZ9d9x0O94yEncCOivvLQQOq8w8NybGZYqAbXRDbbHqPux6Jii08PKg2LStq2LJV+h+Hbp2whZ7gsL8bLIVKxaGddzcgA8u1ncFbNfrUCdsaJmlAybgV7y3QKjVqXVQIBHmvbtjQOL78pZca23hInPHMk+Xmijjg8RPCV3JfQAC7Ai66mh39LwT8+ZdI1ljzDWy/oWA691sLdjcbXiRxbML+Vcus0sSxrliyo4ovIxkUAHoRtentpFDe8UnNHBMv4i6VUEpZKiu5H+vljmzRs7QgjlbNNExzSKyfyr3gPMn0x/0RSIDdg5UknqGIN1022P2Y48VbLxM0mWILiPS7ySErpPRQb98iwDRI3v3sLPDEOXRyPzmkWFPRR01Fe9GvWsVec4lqjCKSpvWzA76rJB+YuhhfYi8Jsmjic04or94ty5DmYy2UOYWVUDaZB5GPdQzGwRR8wJB7fCv5P4dq0PIDqjePTTLalp9tSncppV9wdmZNiDi6OeErDce55t2JkreiSexFhSSRuN+hqOEzJLmY4/KJUmU+Ip8siBgwHc6qUjr3PpjWx5AAWGVgiNEJ45+4scrmOGzD6omseoJhBH2ixfa7w4cvNl82UzSaiyrpO7KSDdhhYDUQSDRHUr13WeeMzlIzlGzUQkISXQG92/zdgjob2638jiw5Zz7MGkCqkUgC5dNKgMAgY7ae2wGobU4ra8L1MTHyBzgcfYj+VeMHbQPKYMxxUlXePSkaCmVzpoDck3069+xHyxW5TjLSqkkbWCpKhWBFHqPLsTuN67diSTbZCdy6h3RiwICso1k1emxQKgWTt07AnCv9BybZqjerxLaNG8raenl27gD1vE5a0UeSpjbZNjgKVyzxrNZnPS/m0iy0Q0sGDaySlgpsNx0vpXazYXva1wqQs2bSdRGiIhj3slmo0RYJOxPTZV+eGPmWGXwpYcjNNFKg1VqvW2jUELSEkBtXY7V6WMYzxjMzKqQPM5XSrtCSaRjuA36xI0v02L11BOGNbb8cjlKcKF9CvQvBf0eLDFfwX9HiwxsSkYMGDAhGDBgwIWB8xBXzuZGsq6ZiWgE/psQdXU2duwH2Y58M4YzAONQG5BIoUNzvf8ACsVvMz1xLODqTmZK+1z0x8cS4wsMYStUlEhemnUPrf4Y488by/a3qvRxva2IOJpMfHc9WU8JSHZn8KLUOjONOoX7vltge1DvWM94dJKkzusnmjJdzqP5wK41C/rXu2/WsXvJ8MualaSQkxodXw16dIA37KTtv8euKzljhDyymMKQXhkB293fSSRt32+ZxaAMga9hN1k+f9LnSDtXte0cnHkm3w9tbK5iY+ZkUeU/D5X07j7sWPIaFc5pDMY9DFb2+uouv9dcQZsq2nT3HTEjkD/fq7+G399MK0ZuQLpauOoXHwW45wXlq2Ox2PToevwxjPLqQR8QcSRND5WRo286rqI+tsdHStvQ2RjZ81/u4/12OMnzyoZZnLsVTxCS5LFQvvIDuQO4HTcY7zH7WuHeF5d/zsNdQPumWbgcdiHQ5QOGpXrfSoFBdwQO6106dsWnHOYlyEWhwinSFhVSSaqiXG5pdiSLJ371adJx6UZUKuoyj9HIANQBYaRVb0Nu9gb4XMtk5sw8kszMz6Wot1PlNbdhfbGagRucaHVbizpkkVQzknH0+vgFonJ2VWOKbMQFWMrMZMy7C285oKBqOogjY0Adq2rDJmv9yNijUe13+p37/PGLSZ/6LHCY2KlnS6Nah9a/+Wx8Lxtee/3Nv/1//DGmRm0rDFMJgXgYsjPgkbnPmJcrNCpUs7xUFC3ds3Uml6A1Z23wi8T4tK4BICUT5b8wvcjpp3NmrsEnF37VJZvpMKRiGRRCreFIQG1a5BqUmu22zdunql8X4w1KHiWNu4Gk/Kgp2HzvHMcz/kPj4rTBrDE7YG355+ynrxGyNypogk7WrCiPiCMds2pePyRoqqLsBVX5sTt9pxQ8IfMzyFcrD4ropcJ5eg6kKTbkX7ov5HHHMyrmUjABEisxrdxISRZtmIWqO3Q3XfFzHnuW4asuHwtymn6JNC8aNGFfRrBHRttS+7vRr54+4svHDnMu2kOspRtQF6XNj0GkhrB6ggevTnnGf6IkplDPDC0VV5lCxsYzffY1tsChG9Elhyk3ky0EpVXVmlVXAFI7lhGGrdtdV6lfiMILtrwO/Cwa5+50YPUf2uftdW1yXyl/fFit5T4hPAsTN5oJJKLFtRWTSyJ3tVYAKNqJWgRvdp7W/dyXyl/fFii5c5cbMwTz/SVhWFSpFHcAavNRFKTe+9sCasY3y7dvxcKrCQbC0/OB/DafLorzoPLq6hJa1aT8kvr2GFSTiUiOrvlJVcEW7G9736rZu62BoY68vc3xplVmlPusYpVB3KmjqQE2dLEH4ebFpwLnXJKzkyyM4YiirbeYhQlAoSe2kgm9rwmNrNtPbdfVazKWusdcqSc6kgOZkdoPDI2K1a6dgRXm7j93ash5g4nFMxYRN4jMrCYyEhko7BDGukdPXodzscbnneYdSEo4RNOoyE3Qq7F7AV3PWu3XGB80cSGYzcsyilZ/L8gAAT8TWr7cVgIMjiEuZrgwXjwXovgv6PFhiv4L+jxYY2rMjBgwYEIx+Y/cGBC8uc7ZwrxHPAdfpEgB9Pzh/heKDJ6C9zFtPU11J+f8cWnPh/8AqWd//Jl/9w4orwvaMp3aE1fRaLwLmzLRxBFRYxZsKKs11Prew3vpiBy/x3LQ5qabUwDK6i++ubVtXoBhTyUKsGJZBVUHJF+tV6V+OOebQKxAKnobQ2NxexO+3TGT3CL4ufi5ytHvjyW8fDwnfNc2Q6Gq2cnb0A9f+mO/sqzhk4ixP7I/30xnd4evY3/v5/8ARb++mHQ6aOI/CFWfWSStpxWucyc0zpI0CBQqFRdbnUqk7mx9YjYYUeE5k/TZw1BGjZje43Vb3+XX5D0xc83f70//ACf3Fxx5fjHj6v6Ffjja+MBu/wAKXB0vtB3vLoCLBJ8q/o0FN4lw1E8NoyffXy9gLHT0r44vuG5NTGwatxYFWf8AlA36V+OKziJjRonlbTGJF1+mm7oj49Ptw7ZeOFSreJptNkEhCkfrab3NbWfhjlT6USvDiaAC7p1DmR7RyTdrz7zDkzJmGhBrQxRLsDY9/nQ/DD5keaMy0oyzuJI3AJZowrChYorS9VA6YVebn8LiWYKURrsDqKKqf9fHE/lfiAllXamBII+Q/wAGX8cdSNwewd4H8LJr4p4Njg0dm6sg8Em/1z+1y9rEDfS4mQRknLqpVxEwoPK2we2B61Q32A3xmByq3WmiOoN3+7Gie2Ric3CAVUrl0YGlDA+JL9bY102vY1XfCAeKzW1OslhgzSKsg8/U24PmvfV1B6HrhHBTg0uaLGF+R5UH6wWvRd/vOBbjYOL2a+va9sMHBsnDnkSOJMjlJkpWklzDp4vlPRG1CyepFfjin5jyb5WZ4JTGzKB5opNakEdiP3EA4j5sFTYaKC0teLQuYc1Eq6Bp1rpsql6TQG162LV197Y1tecR4lBmYcvKsfnlKnQE1eGEmXzXQIAYAavifmMr5U4y+XgZdMTrI1iOVbDadwfhT0QfW8OvBObXaRZpFULP/s0cSppSPu7KRe+sLtVeYb3eOe6A778eVldZcC7p69eC6+1s+XJfKX98WEvhvDpZw4iF6QCwvqNQAod9/wCHww5+1w+XJf8ADL++LGdhjjqK6asvkM3ltcBiQiRWY24ohFW7okEDWNiOpvarFhkOVmyjRTZprGpIY4kJ8zv5fOzbBQ7M1j5iuhTIs+EWvBhY/rOGJ/Bx22+WLDj/AB8TSROERwkYWnD0Df8Ax9vsG52wlzLdjrynNcNtnkcK35jyHE81pDx6Y3aliRhWoIX89E2dK9WNWBW+EJDuPsxLzEuok0q39VRQFeg/HHGtx88Ma0NFBLc4uNkr07wX9HiwxX8F/R4sMXVUYMGDAhGDBgwIStxTkfITSNI2Xh1sxZjQssTZJ+JOIf8AJzkP2EP3YzDjuQJ4hnCFFNPJZIvfxDX8fxw5cs8thI1mmEYQkABjW7EKp+1iBXe8Ule2Pnqnxw7xdq9/k4yH83i+7B/JxkP5vF92FfintEyMWYjWJXliUHU9Iw+ARTQ6g736dbsMvLLpxDLtmIgEXUyMtjVQOwau5FGvjiC+hZBpQ2JpNbgvs+zjIfsIvuxL4VyVlYH8SGNEaqtRvVjb7wMKPHOF+YOYlcJtpboetBvhe9d9x3xH5DjMOaVVofmmBr/jTEGUWAOq0jQnY97jhov65paTxLgcMp1Mq6trbv0ofhiJFyzErB1oGqB+B6/uxRcbeOXM5qF7IKIrqCAd41ZSLBFg7gkGiOmO2U5RzcKFYZY3VSCI2+uDdg9VViDVjynrt2l0juKtVb7OgAEm4Ang198/Xy8VdZngCSDS7Bh6E44vytCzajRYCrJsgegvoPh0xEzXD4zBKI00kEtpC6GEqgH7Gqtx1FdQd6SbJIUjzUYBVxozGjbr1Yj7m9CcZpNRsNFvr7LTF7ObJy+unH+1fvyRlSSTHHZ3O2OuS5Qy8bao1RT8Psv9w+7CrxnhfhqCra42UVfeqG/9LfttVem0XgIEeZiaPpZ6iiCVN3X+t8QNYQ8N2845Wh/sm4C/tLABIFdw+uE/cc5ay2ZCieNHZRQLdhv0+84qf5P8jQHgw7dNhhB9sias7Ea/+3WzXT85Jin5ahjWRCa8ttdXuBY/HDJtQGdLVND7IdqWbw+sX6ytWb2e5HvBD/VGPkezzIfsIf6oxj3F8z48hcqN967nfvjtBmFDLa7dx6DDN5DbLU+P2G17iDLVV0/2tffkLJE2Yorqunb0HwxYZTl2KNFjj0BVJ0qAPKW97T3F96xjnG5I2QaF07vXxUKCN/gbxRcsKRnMu1dJkP3OMKZMHYLUjV+xhDw6/Lu8yvRHE+XsvOqLPGjlL0lh0urr50PuGKj/AMA5P9lH92IvOWXDnK5iRdSQ69VDUU1FKkrqUWvMBvRw0Pko3VHRB03A7j02229R29dsW1E5iF1fr6LkRsDjRKof5P8AJ/sY/uwfye5P9jH92GSMKsiRgBWYE9vdA+4k/wADibxA6I2ZDpav34S3W3kj8/6VjDkAdUnfyfZP9jH92A+z/Jj/AMmP7sWaRI4IRtKMNTk7kKGsi/iVIJ9AfUYWefZixjB+sus/Jjt+794xcaokgAK3YeKe8nl9C6cSMQ+GTF0s9cTMbFnRgwYMCEYMGDAhZdxrhRbMyOuw8V9thuXNk773/rpii9p80seSghKuEdyxa6B0AjS19OqsPl8MM+c4ofpMsaoZCJWBGk9fEIAsbDauvXfE32gcMhnycbzhY5bCKQA4o7kEjsKJsbituuMGpmuYE9PQXXigqBrB/wCv2vOTxsKsEA9NsOPs34o0GZSQUe1NddCOgI6WavoSDix5j5cEEiIjpKrLqDKe1X39R3F3idxLhEOWzEUUQ1SsgMugEhe5Ndelb1v1obDDnz01Ii0YLwLWvZ+KPNZUvGCKGoi+49fXCNy3AFzLeovf4E31w0cui1HhtqjYVan09fxxwekljQAHUC2pRQoEV3PWz9x6Yy6RwkcCcUtExMMT4xm/wOT+kp83zaOIzPH+kpAUI95PCBv41V7ehx98J5+dPOX2C1+vsOgq+l/EfMYo/aiHOfkFmgEOx3C+Et/GwRf2nCdAwJbzAIBp12QfjqFWRd9BfzxvEJu7SYvaLdnZubjj+AfqnRuOZrNStKpZBqLKokIWz9VALbVZuugt+xrEzhPMDujK8lGMEhxsRWogk0LU9N/Tt3X+XJQajZh5QR4Z91wxO9bXW/T4fHE3M5dIwQo8MtaNJvsCtqvWgdib9GOETRWt2j1YraRgAn7Jw1yyiKGN1ImW7YbAqxvoDs19q6k+tyPyauXmRFYv0DHp5qNjbqO9drGEDg3MngSIRvIB5GonT5SOg+BPrsT8MNXLk6TMrxyFvD2YE2SNwC3awbF16fM5jDtLeuR+8LVLIDG8BwA2mx40efwFSe2NT9LhNbDLpv8AEyS/4HC7w/NhArfH91YefamqvIkZADGFGDelPJQPw3Pyv44znwG0qtb2f4YvqGgnKd7JkdFEHDuV7xLhJlJzMSqiN5q1AAeoF0PU1iDw3KmVtZKhK3YkVQO5Hx+AxVcSjZIiGsX1Hr6Yi8KktCgPfVXrtWGNc8xE34Kzp2xaoRFtWL569FfcSzgZwiVoRWAoVq8p8x+f7qxM5R4Q8kscnRUYMT8jdfMmh9oxXQZQlweg0196Vi74bxEh4MuhHhrKpJ7uxYCyfT0Hy69cIYCSAE7VO2xve/rYC0/ijgPldRZBpk/OA+4fJWodSD0sGxtsRZF3wbML4dK1hfT3a6fMAdOm1AbVWFvmXiKxDLCRFZG1k3YYEFK0Ebg7/I98XfBcxE4DZeTdgR4bgBu1jpTdunauuLaofFa8lHlmUvcy8XIzZMbe6qix2+3+PzxHzvMksgALXWP3m/gTxN45W07lSaU9g1EGutHpdA/FXgddVStSk0TuKvuKN36D1xQRNcLWyOQVQ6LQuAupyopQzSMQ17WqsbF/qhCTXS9W1nCdzdnjNmnA6KdI+S7fddnDB+UaqLLEPSMqKCNydPmYfGi3yvHGTlp0aKN9LSyW8gvZVG3mNdCx39aNYbpmEuNrLO4AX3px4J+jxYYruB/oxixx0FiRgwYMCEYMGDAhIeRyJGemYnymViRddWO3xxec0JHNkyoO7GkUCzqo6gQOm1392KPnXOtDtB5XdyWYAigGvY9bJN2PQeuJ3A8s+ckWeWUhQqqF6EkgWPtI37mh2rHEkeXWD3ld4gANl4Ar8f5WUZmJoUDFyAl1sCRT7afSrPqO/c44ZLiOsqSzBdyWG+9batxq9Ou34Yv/AGj5bws5LF9TUrCr2DU2+9dScUOfhMbKoUhfDBHx0r5mHoCQ7E9t7xoY7cNrk4jYBM3r/OU8cv8ANISRQB5BswHvE0d9q6/htv628D3mQw92QGQde5Hyr7t6v55TFmgCDZUD8caZyvMjRxaH1aetgg6m3IF/VWgPt+wK7IsmbXFqkrw6F7+pFFUntCyxnzcirFJqjCDWBswaJSQK3sWD0O49MZtxOJUARSaqt132NXY7g7EYefaTPLBxGXWJEgzEaASUCpZUQagP6NUeh7+mKrJPHGNbj6S5PkZxqVNrseYnV3ojfbcY7W9owV54QyOBc3PcO9dOG8IinRgkoiTLVqlaIMAWvyh7BYk35QPlsLEtlHmWSfXBVlbKgkfWZQ2zdOh6+uF3jOfbw1ij1IDI0jKQFLO3VqViQAvlAF7d8VEbOrAuPL8r332Avr+7Eu2vTIA/Tnr5159E/wCeOWypSWB18JoR5xsxLAalG2oHtQ36jFfybmweIK0ZIWTUK23QLa3vfVR19LwsyZRimt5tIFsF16tPrSi69NyN8MPs44fWbjeTxFHhM0BKkCU6lBAJ2OlXY7d633wvYAbTjOXDPrp+lde1mbTnYvT6Mv8A7smFrL58Cg66gOh74Zva1li2biI/m6/+5JhKbKsoJA6C6GM8vZnDl09D70xgdFwqzmLO+JKSBQUUB+//AF8MV0MpVgw6g2MfLNZs998d8jl/EYIDRINfMC8ag1rGV0C5DpJdRNu5c4/norefibzAaVEag7kG+3y9DiZwKS81lwOnip/eGIvD+GMq+cUb9Qf3Yt+DZOsxARW0i/3hjMJIwdrV1JNJq5GGWW/P/C07nLh8kv0XwonkpZL0Amr0enyJ+w4oMtkZ/GWLVpI8xDgrvvp2q76+nXGrcImVVWzRo1vt1HX8Pv8AnhH55zqrnIZlB1NGvX01Hb5H1+GKa+zAQ0Z6LmaSxLzhMORXMPl/zwWSN1oqx81Eep2O3Y/KxjJuK5bws0YCzDY6NQ2oVa+urbobFdD0B13JcZV4waO46DevjjOub8u5kaVSKJ0kgkE3RXbuNvsNeox532X7RkMpilGK6839e5b3wuNuGFR8n8dny+aWQKNDE61YUXA6Wetih/VrG28OiVLJVhJNqbzeYmt/M1bVey9B2xjmeyxh+ju16R1ojSNR8Tw+9miX70DfTGw8UN5UOzUWiA8S9OnbVqJuuoG3ToOmPQwucXnuSta1nZtLeeq/eBfohiyxXcD/AEYxY42LnIwYMGBCMGDBgQqFRFmTLHLGw8ORgCUPY0GUgG7FGu4rbC1zVxSbJx0QIYw1o9EOxBNHck3XYDucdeZecI8nJIAuuXUaXfvuCdum/Y+uMn5i45JnJPEmJZvw+wdAMcn3Zz3l3GV24pRFzRFcHOfXev3M8Wedmd2Zi7FmLGzfTf7KrsKwxcs8yFCqsEtfLrKAsUJ3AbruD6/DCAbvy2P34seF5jQyk2T8sNn0wczCfpNU1zy1/H4T3xjkQSv4uUmjWN/qOdLA7WEB2IJ37VddMX/LuRkgMcToaA2fSQK66bIFtZJJ2+W2Pn2fkPK/iRWwTUlk6Sbreumx/E7YZs9l1Ro+x6AaiQAOtaum+FwxTEtc7gFK1ksUTnwA2av1n+FF4jkMvPJmIZymlwhZZV6gIttG96gRXUbA9Qbwq8G9kbtMJVzcZyreZWCHxav3Rtp+Gr/+e2LTmaLxM2QTQQJZA3rSCfmf8cTZ+IRJlp/DYRxSIyEdEDG+g20sbrbqfjh8c4dI5h4BVZtO5sMcjDkgeWO/xWW8d4f/ALdmIoGEqq+lHADFrANDRQJUkqT6qcToMgsCuJI1MiAglxekkXuB2+Xw37YhLI08qpIt5aOm0whUbQdvK1UOn1trFbE3iykysU0yxwyxNHq9zWEdwBt71KSTV6SemHbm8NwhrHgXILwenHmrH2cZbK/SYmniWSSaRlSKgFiCRhtZTuTqqjsNLHr01nj5JQ+7sAAaF7utgbWBsvffbbbCPyNlchBmgY7OZ0tEyjUVDFgSASNOwVrYXtY32tr4vK+kq5F32G3vCupu669vhi+/K5skRHI6LO/aRmEGbiVw1fR1PlFn9I/b5WcJPioWcG9O4Hbaz+NYdfaJKFz0X5wRn6KNzX7STbf1rCLLFbMbBsncd9+uKvhYclRHrJW4BNDp0S3xHIGIiyCGvT60K6+nXH1wRqnj+f8AA4k8wS2UF3QP8MQeHPpkQ+hw+i6Oikh214LehTbmJ1A263jtwPND6RCK6yL8K82Kh5LJ6E/PHfg0oGay41AkzINIs15x36Yzs07GjhapNZM85ct4mWYPlpYHAKh1aNgSJA2nqR7tUfN2uuhOFj2i5Z9KBdalGPWj4evzabF+UMNh2HTDLnpWrLousFybdPeUDT7tggktp29AdiAahczSymCWCVm1RMGEyjSJARqG/Yizt022wapxDcJelaC/Kz7l7j0iNpdlAsWLodevfbsdj16dMP8AlcxDMrJIigb0dmG47EbD5HGScR0yOae3ugyj3j63td7biz16475LjEkQ0Fm1/EEKOoqtzZ9dgMcrUez2ykPZhy2Rzbfhdx3qz5ygAqOPsxYEyEkEkUfMdI3+sK7A9LDfxPi6y5VMsXIM0Y8RlF6Ywm4A6DUTp9N2PbCdwrLfTLBkOkEnUNwKWzttdVXXcUL3xp+S4ZDl0LgM1ppIIFWCPhsQR67HHSgBoB3IWeehdcHhW/BP0eLHFdwP9EMWONaxowYMGBCMGDBgQsb58mibNMUFujssisPKxDbCiD6nf0xRQcpZqVwforornsp0qD99D4HGwcR5Ty8jmTQAzEsTqbck2T19cSo+GSKAFkIAFADsPuxlMco+Uj8roO1MRrB9eaRuMeyeIZPxYWf6SoDEFqVgOoo9DW4N9R6YSeCcIEk4DkxJubbqoF/D4VZoXfTpjc0ycwFeM32nV1+Js4o8xyLA5JddV9bZv8cM07HM/wCzKQ6awQDRPWhhKfDeZ1hkrLNrgX32KnU7V0vb7KFb998MEHMy5idYh6a/lRArt3b8O3TE2DkWBK0oBRsbt19eu/24lw8roJzmOsre85YkkGvU12HyqsWPal2aruTHP0u2w0l5FFx5J8cpc5rj05l2BILqo1DfT5VsgetDYH/phM5o4m7GIFmMAbyqFAIYAg79Sb3/ANWdg4vy/FPepbJAB3O4H24qpORYGTQyArd0Wbr63d4yN0rxIXXgk+vqt49pxdi1u07mgVxWPNYjzEXWYqzWCqsDuNSsNQJHrub+N4jjh6X5SyuoOtS1hhXVGrp3o9rN9sblmfZ/lpNIeNTpUKu7bKOg2PbH5/J7lbvwxY2vW/bp9bGiONzRys8mtjk+YccerWZcuZwIVCBUI6EbGx0PTf1v4Y1bLcYE+X3PnBAYeh1Df9+I0fs+yymxGAfUM3+OLDLcrohtdvXc74t2dGwqS6uORm0g+Cyz2ucRMHEoXChv9kUUf/Wk/wAK+3Ge/lV7J2okmj2s9AcelOP8l5TNlXnhV5FXQGLMPKCSBsQOpP34pv5LMh+wX+s/+bDsdVzl5+zOb19VHz745BgDYB+049DfyWZD9gv9Z/8ANg/ksyH7Bf6z/wCbE2FC89PmCfh8sT+Vz/tmW/8AWT++Mbt/JZkP2C/1n/zY65b2Z5KN1dIVDKQynU2xBsH3sFqVE504p9G+iSopecCTwowrNqPkuwovYVR2okb9jU8wc0CSMxsLcZYtJpFBHJGre76ECiNioB6nGkTcKVlSxbIbU2diRXyP24pc5yVDKXMiKxkILne2K3W46dT0xRzQ4UVLHFptedMvLI81RN770oJFEs1C9Wwsnr2vFjxaCeGbwpyRIP0iULQ9a2NGxRseuNqX2YZIGxCoPqGf/NjvN7PMq7mR4wzsbLM7sSfiS2+LD5rUEmqCyjlDNiKdWK9aCiwKNijv94HcgbHGznOJ9HVUXZVB8vUsy6qB9SSbPzO/eAvs8yoIYRiwbB1N1+/FmeXAUKGipABU7ggGxd/HA4NKgFyn8D/RjFjiNkcvoXTiTiFKMGDBgQjBgwYEIwYMGBCMGDBgQjBgwYEIwYMGBCMGDBgQjBgwYEIwYMGBCMGDBgQjBgwYEIwYMGBCMGDBgQjBgwYEIwYMGBCMGDBgQv/Z', 3);
INSERT INTO `productos` (`Id_Producto`, `Nombre`, `Descripcion`, `Precio`, `Descuento`, `IdCategoria`, `URL`, `Cantidad`) VALUES
(5, 'Peluche BMO', 'BMO', 95000, 0, 1, 'data:image/jpeg;base64,/9j/4AAQSkZJRgABAQAAAQABAAD/2wCEAAkGBxMSEhUTExMWFhUXGB0aGRgXGB0YGBoYGhgXGR0aGhoaICggHyIlHh0dITEhJSktLi4uFx8zODMtNygtLi0BCgoKDg0OGxAQGy0lICUtLS8tLy8tLS0tLS83LS0tLS0tLS0tLS0tLS0tLS0tLS0tLS0tLS0tLS0tLS0tLS0tLf/AABEIANwA5QMBIgACEQEDEQH/xAAcAAACAwEBAQEAAAAAAAAAAAAFBgMEBwECAAj/xABHEAACAQIDBQUDCAcGBgMBAAABAgMAEQQSIQUGMUFREyJhcYEykaEHI0JSYoKxwRQzcpKi0fBDU2Nzk7IkNIPC4fEVRFQW/8QAGQEAAwEBAQAAAAAAAAAAAAAAAQIDBAAF/8QALBEAAgICAQMCBQMFAAAAAAAAAAECEQMhEgQxQRNRIjJhgfAFFJFxobHB4f/aAAwDAQACEQMRAD8AKbiYxcVhpMHKT3B3dbMI29kjo0baC3CyU9bu7QaWMrJbtom7OWwsCwAIcD6rqQ46ZrcQapYDY8EDySRRqryEs7Aakk3OvIX1sNLm9U9rT/osq4wewAI8SB/c3JWTziYk/svJ4VJ7IwdaG69R4gEjTjXVcEXHCocZjEiRpJHVEUXLMQFA8SaR7LKXF2UNlbDjgmnnUvnxBVpAzkqCot3Ry/rlUu3NqxwoUYZ5HUhIV1eTla3JdbFjZRfU0En25PiTbDKYYv8A9Eq95h/gxN/vew5hWFS4HARw5mW7O/tyyHNI9vrMeQ5KLAcgKZL3JTyJEmzMM8eHhiZs7pGiM3VlUAnXqRXja6FLlTyBYfZ0vXt9rItwCCw/rhQHaG1JDe+RQeOtyfClk0Y8kkGYsWr2ANyBe9c7XU2I160gbt7y/Mvm9rOyi3QG1/WmDC7YXLmN6Fi8l5GHPe9x+dUn2RATcRKpPFoiYn888ZDfGq2H2rG3P31fTEA87iuUh1L2Z2KKdP1WLktbRZgsy+8gSH9+pm2htAgoFw2ot2wZwV+0ISpuegz28ai7ceI8j+RqRMSoYAOLnUA6E/l8aPIdZGdxMSwwqq6IigC55KLan0qtulAcjSMO9Ixb7v0R7vjeoN6MUrIsAPflYCw5INW+Gn3hTHgo8qgUPIFuVncTixGjO3sopY+Sgk1DsfY7NEkmIkl7ZwGYLK6IhOuRVUhbLe1yCTa5rxtg5xHDzmlVCOqC8kg9Y1YeopipkaccV3YMOzZR7GIY+EqK4H7gRveTVebDTjjHHIOqOUb0Rxb+OrEMOKE8zvKjQEL2UYSzodMxZud9feOFtSS8KPko8aasUsfDhnFsRD2Z/wAaMBf9QXj/AIqpT7pIReGR4/2SGX0DXFvKno0vYNQuLxEcYCxqkRIGi9q/alrDldezJ8deZuKJShWxTn2Fi01V0ktwuCh94zfgKHJiMZFmMkHMkZDmU8+IFwPMU77I29BinkSPNmj45ha4uRceFxzsfCiD4UHiK6UWnTIyjyM8XeVLLnIVm5XvrbUDraq+L3iiH0vhTltjdKDEakFW+shs3rca+tJ+0/kqkf8AV4uw+3Hc+9WH4UoixP3F6XeR5pVw+Gvnc2Zx9FeduhPXlWpbCwAhiVBxtrWc7E3GxGzcYksjJJE4ZM6XuGIzDMpGnsnW54+NafgTcA+H5UWl4H4KLpEWKvpbx8K7U8yA12pvuPFqiZn4H+taUtg71visViMM+HyrHm11OgbJle4tdgbjqAePGmbNbjUckwq6kknaEBeDxWKwidhHEk0a6Qs0uQovJJO6SQvAMtyQACLi55Hs4yOJsU/bSg3VbWhi/wAuMk6/ba7dLcKuSSjmbVRmxIPCwpW6BLKwhiMSBQ2bGludD8RiQOJoNtHb6Jpmsdf6J4CkbbM8sl9gvtDaaqpMlrDqNaV9obcUg5Ral7GbUee8UYeZ+WRS7H0UfgPWjOyvk4xkoDYlxh0PBbdrM3gqKeNvEnwoqJSPTSluWhb2TI7zmOJWdma4VRc/Dl48K1jZG62TIcZLGg5RZwL+bEj3D30e3T3MjwiZYUMWa2eRrNPJ5nVUHhrxOinWmnDYKOMEKo19q+pb9om5b1puNmr0IsHrgYwhRUUKRawAAtSptPZz4bvJd4+f1lH5j40zYaEYeTsBpE12h6Lb2oh4D2lH1SQNEqxiY7i1BxJ5MaehGj2gGFwdKrY/GD2r2tQrfWI4KUOukUh9FfjbyI1HkaVdobbLLZTcnQDxqVMzPFNrRou6MZxMzYlvZUlI/T2j+9p92nu/Cg26ezRBh44/qqAfE21PqbmjBGtULxXGJWwA7TGMeUEWXwzzEMfVURf9Wj9BN00vHJLaxmmkfzUN2SH1RFPrRums1xVI+YmxsLnkL2186hweIEkaSDg6hhfjqL61FtPFmNO4paRu6i2Nix4FiOCjiT0HWwqTA4cRRpGNQihQf2QBeusYnpc3eGZZZ/7+Z3H7C2ijt4FEU+tEd5MaYcLPIvtLG2QdXIsg9WIFKu8u2TszDYdIlViMsYDXtkSM3OnkB96u7k8jGmHDRqWZUVWfViFALHqxHH1qUmh+x8cZoIpWXIZEVyt75cwBtew69KHbexE8WeTtSsAQn5uNWdGAJ72bNdT1A056ajifcjwmNCCNTI5xOZVkjZic12AdlQ6BACWDJYWUeIo+0lJ+8W8E+Ghw6DKZ3S7u63AyhAxCqRqWbyFjXvdLeZsQWimVRIozBkBCstwDoSSCCRpcjvDxAhijwbi5Nu73/g1vo8zwfuePwdr1+fSy3vliJP0dkjRnclbBRfTMCTp5Vc2KbxoT9UfhVbH4ghn7wUGwzMbACwuSTp6Ve2UgCKBwt+OtWMbh5JGWvqkAr6gTB00Z5H3mqLYsAkc/H8qq7Q2gALG9vA/yoIs0kp/4cO1jYgAmx8Ty9a5sjKe9BLaOMYXIF/XWlDbG+aRXBU5tRYa6jiOgo5i9xsbitC6QKfaJJZ/IKth8aIbF+SHBxazPLOb3IZsqX62XU+popLyHHg5bm/sZdDtPH7QmC4ZGa3FUHdF/rudB5m1aFu78lRNpMfLm59lGSF+8+hPkLeZrScFs+OFOzhRYlA0CKAB424Uk7p7dmhxkmFxTlmdit2PCVRcEDksiWIA0FlHE0/fsafhi0oqhq3f2VGIlOGRIIGAZSijOynUNa1luNe9mJB1ANHcLg0j1UanixN2Pmx1t4cByoNsKfsZnwjezYy4f/LuA8X/TYgj7Mij6JpgoF4pdyKcMdASLi1xxF+Yv0qtsPZ7YeFYnnknYXvJKQXNyTrbpwqfG4kRrmIv3kX1d1QfFr1YrkO3ZT2tgu1jspAdSGjY/RdeBPgeBHMMRzqrg8SJYw9ipNwynirAlWU+KsCPSi1BMUnY4jN/ZzkA9FmAsD99RbzjXm1Fk5ryCN7thri4JIm+kND0YcCPI61h26uxWbaEULrYpJdx/l3b8QPfX6PlS9JM2yli2kk1rGRSPvC35D4VKTaFhPimvoOOGWwqttfEGOF2X27ZU8ZHIRPe7CrqDShW3w+WN0Qv2UySMg9p1Um+W/Ei+YDmUApiXmhiwOEWGJIk9mNVRfJQAPwocd44f0w4Kz9qIu1Jy9zLcC2brr0t43rxg968HKwRZ0Dn+zk+bk/05LN8KKtYjzrnaNSas9xvcXrpNeV6VwmlQXV6AO9b52w0HHPMHb9iAGW/+oIx61nvylSnEYyDCrf2VU25GdwCfuqoPrTzM3aY925QRLGD9uU9o4/dWL30g7sD9L2xJOdVQyOOndtBH71ufSqRM+R2zUYlAAA0A0HkNKlJobj9qRQq5d1uiGQrcZ8oBNwvE8CK87N2qJiy5JI3QKWSRbEZr21UlTwPAnhSNq6Au1lTerYQxSqVYJIl8rEXBBtmVhxsbA3HAgcdQRe6m7cmHd5ZSmcrkUISVC3BJJIBJJA5aW8aa6ixJspPgaHFXfk0fvMywPApfA90ZfvzH2uLwo4hphcHhZdeHlWj4fEAW8AT7hWQb0bUttCAA6Rm5+9p+VaNgsYCAeIt7wRwpn2MW0kM8cgYXB419S482bU6dAK5QsexLx5csFaaCMFgNJM51IGgsK1PZ0SRokaABQOA/E+vOkzerdZcasSqyp39ZAoJVRckAdTwt1PhTLs20ZEWZnKqBme2ZraXNhb/3RGljUVaC+FxSuGKsrAMVNiDYjiNOYPKg20sUZ5uxjkcRqHWZozkKSMFMY7TQ3sScq695CdNCB3MCYKefBvMGklkaaNAGsIzpqxFs1hqt+V6O7T3bgn7RmBDyAd4E911FlkRT3Q66d61+6BwpOohJxcYOm/J0JJNOW0c2NjJ3xDDtGkijBjlLhU+eXIR2SL3rWLXL8boQSKXflU2R7GMTQqVSQjiBmvHIPFX0+8OlOWy9nrDmsWZ3IZ3c3Z2ChbmwCjQAWAAFuFWcZhklR43UMjqVYHgQRYiji5RilJ2/IMjUnrsLmAx7Y7Bx4iKwxMDZgL2HaoLMh42WRSR4CQHiKctlbQTEQpMl8rrcA6EdVYciDcEciDWRbn4h9n7RfByEkSHJ4tYXilt4qcrEDifs1oWzJP0bFtCdIsSWkj6LOBeVPvgdoB1WU1RofFLwxgxmHEiMjXswI00I8QeRHEHqKjwEsh7sq2Zfpi2R/tLrceKngeZGptV9QssdqttHCLNG0bXsw4jipBurDxUgMD1AodtvAYidVSHEth2WRXLqobMgvdNev5agijF667Q0lToDbMxLOhD2EqEpIBwzi2oHRgQ48HFC96IsqpNYnsnD6C5sPat5qTV3FSBceFX+0w5aUdCjoImPQsGkHiIx9WrmIRXUoRe4saDMs4+ATBt1GAKnMCAQbfhapTi78x/Xnas4gxv6FjJMKzWW90v0b/zemyLEZuBHvriW/ITxKxSjLIqOOYdQR7iKHjYUKawNLh+nYyMif6dzH71r0jV7SToaH9A2z5MRj4vYxEc69Jo8r/vxED+CrWH3ixVrPg7t1jmUp73Ct/DURf8Ar/3XVlubAe6uGWSSB+Oklw2DxMzAPiHzyMIwWAdwEQDS5CKFXNbgl9KF/JFs/Lh5J7W7R8q345Irr/uL+6m0MOtj04/EVOrG3H86N6oFgDbuHjjxMck3YOmIlRLTILoY0dwUcmwsQTYj2n41zA4h5cQssMc0cckjdq5ZGikSNXjUgXLKSVS1guh50xPlYEMAQeRFx6iu4eFVAVAAoFgqiwA6ADhWX9tH1vV3f5/z+C3rPhwF/f7CYiSCOPDMVdpVvlcI2WzaqSRexsSByHOie35ezhbXwoTvLu7PicbhJbr2EJzN3iGzBg2gtrfKo49aPzsc4seHH1rY/lSEUeTo/Nu1sb2mKeTj39PIaU3bH2+VAXNb+vGtO2lu9hsVftsPG1tA2WzejCzfGk7anyWKdcNiHj+zIM6+QYWYet6R7LzxKSSCOE2wpGpFfUq4f5Pdoi47eFfJnN/H2dK7Q4/UzPDJeTRduOsGV2WQxh894+KtYghhzU3v50vYDfmHE4sQxxsuXizaE35BRy8/dT3jo+RGhrJd+dhnCTJjcOtghu6jpzI/lVKOU38rHvF7vxy4vD4vMVeG/C3fFiACfC587mmQPS9s3FCWNJVbuMoPXiL1W2/vH+jouRQzvfKCbLYWux52FxpzJHnSSlrfg7FjnlmscFbekhuWvYas/wBi7wNjxLhJh2bPGxWSIleFgSLm6kEg8TeiW7OyD2gnmgjikjUxqFHtNwea/RrWUHgt/rV0WpK0ymfpsnT5HjyqpLwNixLmL5VzEWLWGawuQL8banTxqptzBtNCVQ5ZFIeJvqyocyE+F9COYJHOrOalPE70TrtJcH2F4jbv2bMQVzFwfZyg90+XHlTxi32JJsdtg7VGKgSYDKWFmU8UkUlXQ+KsCPSr+ak0PLg5pJYojNFNZpIlZVdZQAvaJnIUhlAzC41QEXua7PjcZiNMwwkfRCJJ24cXIyR8x3Qx+0KWjQsiqxg2tt2DDWEr95vZjUF5H/ZjUFj52sOdBJ8fjMRw/wCDi+7JiSPjHH/GfI1FgdnwwXMa2ZvadiWkf9uRrs3qa9zYwDnXE5ZSzgMLHCDkBuxuzsSzueF3drk/lyqTE45YlN2APjxJ5WHG1L2J2i+tjby/nSntja+QnUX68/fXGaWTegRvdD+m7SCI4X5tVLN1XMfUkEaUcw257Rj5vESAke1fS/7NZ5ipy7lydSb3rSfk02nPIrwzK5TLmjkZTY8iua1jyI8jSxkro3yxy9NCud5sTg3MEwOZTqSSwIJ9oE62PKjsO/sAjLsb5foj2j5A0d3n3YXFqLBTIh7pYlRY8VYgE258OVBovkykPtJhh6u3/aKetkXDG/oXNnb94WYqqCUs3sqI2Yn929MSQSN/bJETYWtnYX4XsbC/rQnY/wAn02GzGGaKIsACViLEgeJYUTg3QxHaJI+LZ8jBiojVAwBvYk3Pxo6F4pdiaeGeJSylJSouRbK1udhzqtg9uxuAcwH9daY4tlPmzM4Ua6DUkePL8ahbYWEXMP0ePUXJCAMTzNwL350GhZR9iimOHEEGp0x45nKPA/zrJ9t70thcVNhyhIR7KQb6GxFwfAitB3NwKTwR4iTvs4zAN7CqTpZQbE211+FBoVqS8BxcdG3stI5PAKpJ99rW8SaEYvdvETT9q2JeBALBIzdj4k+yPjTSSeA5e4VSnxMjS9jAqlwoZ3kvkjDEhbgauxsbKCNFNyNLih4p3oHf/CSKO5ipr/byEeoy/nUGE2kzSCK/b6kGSFSyKR9ci6g8rZr+FHk3bR9cS7Yj7Ld2EacOyXRh+3mPjRdAqWRQFAGigWAHQAaUHovCErFXE7OxUljCyRAXv2iM5Y+ADLYD1vflbX6m2vqXZSgVOoI1pfxyJKrRtx4WP9a16wuIciVe0LiOQoshtdgFUm+UAEqxZLgfQ63oVj5WkYm9m8Pf6/lTY8inFSXnZm4J3F9wHuXiGwskuCk4I2aInnGx093CjO9+70mJSKSAAvHcFCQMyMQdCdAQQOPU1DjtgjES4fEdoyPETmCWYuuhy3vpcgfGmnBy3HG1tRfmv86acU+5TFky9Pkjmg6lEV9zt2ZYZP0icBCqlUjBDN3rXZiNOAsACeJq7Hj5xhhjjLcZRIYMi5BGdcga2fOF0uTYsPZF9GNLc9TQubYkGbNlPtZ8mduzz3vm7O+S99b2468ay5cWRqKxS4096u17DdR1c+pyvLm22FGmrw0tQt41WkxFuGtaTG3RaZ7anhVDEbQ1so16nhUE2I7pJNKW3N64sOTc3Yg2A1JOuv8A5NGibm26iNUsxPE1SnxSrxIrNYt+ZHYq4CrY2IJOtU8Vt13YZL8Lc+fhw9a567lI4MknVDjtbeVVUlePINofMjj40l4vGNKTUKxksc1731vxv41fhwlZ8maj0+n6KMdvbNk3N3Ywa4bDyrBG0hjRjIyhmzMoYnXhqeVNT4VGsTxHC3lagu5KZcHAp/u1PodbUdvWiL0jJkb5OyNMNGPo3PWo5No4eIhJJYkY8FZ1UnyBNTTq2VsujWNieF7afGsWwtlFpdJb2kD/AKwyHQ5hxJJ9+lqWeTjurN/6d0C6uUk5qNK/zsbiDQ3b+OnhjBgw5nctbKGC5RYnMeuoA9ai3UikjwkKyghgp0PFVzHIp8QmUelFg1VTMElTaFPFYbaWJw8fzqYSXM2dVGa6aZe93rEa6A63Go4Ve2RgpYIESaYzSLmvIRYkEkgakk2FhcnlXdr7Uk7VYMO0HaNHI/zhLEFCgAyKQdc3G49mvOzNtxYgALmD5A5VkdSAbX1YAGx0Nr2pXlTfADi6sx35YNm5MQs6/wBoCrftLYg+oNvu1qu58YXB4dQOESDx9kUD+UXZolw0ndvlXMPTj7hr6UW3HnD4OE/YA9wtQvQjlaSGmJtPGqUDdjjNT3cSgUeEsQZgPvRlv9Hxq3FpVfbOFaWJlQ2kFnjJ5SIQyX8LgAjmCRzrh4ug6R6UI2FsVsPEsbzyzsGLdpKbucxvbyFXtlY5Z4Y5lBAdQbHip5qfEG4PiKtGg14NMXW0RNKt7Zhfja4vY3sbeh91cqLGbOilt2kSPbhnUNa/S4r6gcB4sOgUIqhVAsFUAADoAKrxbMjN7oDrzqQPYDXQVHjMaEXOBdPpHmPG3SmqzEr7ixvFHLBmkiY5QxFm71uhudbX049KH7p7xvNiMsxBuLJbrYG3HqKP7bxMbQOL3zD3f0axuSVoZsyN4g9CKKDG23Fm/wBn5Lp9ZmAHuGvwqKTEW0Ni3gb1m8Pyid0CQMGt3rHutbmL8L/CrWD3gxeK/wCVwshB+nay/vtZfjQolLknSQ34nGDvZmAFqVtqb3RoRGl2c6BVBZj5KutFdn7hzTd7FzEA8Yojb0aTj+7bzNOeythQYcWiiROpA1PmeJ9TRSOWJv5jKZ9k7VxQtDH2Q+tL3dPAat71q1hPkfaUq2LxJLWAIiHG32nv/trWcRPHEMzsqL1YhR7zUK7QL/qoZH+0R2aed5LEjxUNTLReGPitC3sr5ONnwf8A11kb60vzh/iuB6AUxYbZ8UP6qKNBzyIF/AV7OGxT8Xhi8FVpT+8Sg/hNUlnlimEExV86l4pFUrfIVDo63IBGZSCDqCdBl1A7iwZvRsGKdcxjVpVvYkanoC3H+VIAxOCAYSQMjLdSqk57jjzt7+Na1MNKzXfvCBZBIB7Wh8xw+H4VnzVGPLjZXp5Ny4cmh13NxYkw0TBcoKCw6AaAfCmGlbcl74WL9m3qND+FMwaqxdohLUmhWUAxx2SX9OuuZsrg9pcZyz2ydlx0vly2C62FFds4l43jKrEFY5TNJc9mxtlBUW0bhfMNbDnRW9Rzwq6lHAZWBDKRcEEWII6Gkw4vSvbdu9hcrK+xsQ8kCPIVLMM11UqpUklSFJJHdtzNXK8xoFAUCwUAAdABYUOx23sLDpJiIkPQut/de9V7ig3G4ebCtJNGVaJpVdo0gLS5XKLIQysS1tXsFvxFc2Xh2kkbESNNcGRI0kUIFjdkYWXKG4Ko7xJ7pqDFb/4Jb5WkkI+pG1ve4UfGguL+U6Iezh3/AOpIif7c1SXSxWT1Et/n9xnmk48bGnacAZSDwIIPkRY0p/JliCsDQtxikZD6MRR3YW2f0yAy5QhzMpUNmGliLNYXuCOVLGxpex2jiY+UmWUeoyn4gn1qj0RZpUfCrCmqeFm0q0p186A6Kmw27KeaD6L/AD8Y/aNpVHk5D/8AWo8TS1txigTEKCWgbOQOJjtaVbDj3CSB9ZFpiRwQCDcEXBHAg8640Qdo9E19S5vZtzFYYxjDYF8UGDZirhclrWB0N73Pur6lopRSxN+X/qq0OLIP40K2lt9ixiwyNLJ0UaD9o8B6kVSg2RtUXlKIf8Nn1PkQCAfWqJmKM/Yn3p2TI0ZbDa82jHtfd6+VZPimOchgQQdQRYg9CDrWw7K2pnvoUdTZ0b2lPj1HQjQ1Jj9lYXF/r4lLf3g7rgftDp0Olc17FcfBO2BPkn2RC6SyyxJIcwVGdQ1gBc5b8OI91aTPjIoVBdlRbgC9gCTwVRzPQCsx+SSYgTpclA4I9QR8bCtF2PGrYqZ2F3RECX+jG+Ykr0LMpBPPIvSuTvZ0o/HRZjxksn6qBrfWmPYr+6QZPegHjUybMlb9bO1vqwqI19WOZ/VWXyoizgcSBy1617FdZRQSKmF2TDG2ZYxn+u13k/fclvjV2uV2gNRUG1ITMcOJU7YLnMeYZwv1rcbfzoXvgpVIZxe8E6MeXccmF7+AWQt9wVbbZcYxBxCwxiYrkMtu+V00v6D3VJtrB9vh5oeHaRslxyLKQCPI1yewyjSKchpS35wQeC97MD3fE8bHztamDY+L7aCKX68asR0JUXHodK87SwPaRsoOpBrmr0zJbTtA3cCYNg4WHT4gkGmek35NUK4Zom9qOWRSOhzFre5hToBQSpUGTtti9vntfEYaFXw0XaMzhSSrOFFiblUIJuRbjzozsvEPJDG8iZJGRSyfVYgEj0NQY7HsjpDFGZZnBYLfKqqtgXkc3yi5A0BJJ0BsbeF2ftByM02HhHNUjeZvR3ZB/BVLXGq+4VFs5vPsj9MwzwZshbLZrZgCrK2ouLg2sRfgaV4Pk5gjF5cQwA45AkS/EMR76cE3aJv2uLxMl+QdYR6diqN8anh3YwakN+jo7Dg0g7V/3pMx+NC6G9K+4lwbM2OlwoWdhxCmTFHyyJmHwovh8q2/R9my26iKOADxPaMjfC9OSIALAADoNBXDQchljQp9u+cJNCYyQSpzK6tbiAV4MNDYjgdL2NkDfD/h8bh5xorXjY+F7j8TWn71C0SuBqksZ8gziNj+47Vn3yn4QvhWYD2GVvjlPwNI35JyilNL3G7Y2LDqCOdGVOlZZ8mu2s0eRiMym3jWmYaS9EmtOmXF1qpu1KEz4Q8YLdn4wNfs/wB2zR/9MHnUrNxOvpQzaWESRkcF45EuFkjbK4DWuvMFTYd0gi4B5VxSM+LGm9fUlSbKhY3lV5m+tKWc+g9lfJQBXaXRT1kW4Vw+EjAJjhS/0iFFz1LHU+J1olHMGAZWzA6gg3B92hruztgRRnO/zspFjJJYm3RRwRfsqAOtzrQo4JcFiLIMuHxB7oA7seIJ1AHJZBqOQZTzemsnLG0ihtzY2Zu0j7ki+y1tCOasOYv7uIpP3x2y6YfskRkdjaVjbReikcQx59POtRkjzC3PlS9trZKTIVYDp5Xo90QjJ45X3Rn3ya4rJOy39pQf3Sf51qSSGPEwyA91wYX9e9G3owK2/wAWsWijfB41V6OAPFWNv68q2LHRs+HYL+sADJ/mRkOn8Sikx3VM15pLmsi7MNbwbHhxSxCZGcRyrKoDFe+t7XtxGvCi8RJGuhqtgsSJI0kX2XUMPJhcVaU0xW1VUUTjJuAwzX6mRMnvBLW+5UuCgkzF5XBYgAIt8iAXOl9WJ5sbcBYDnbrtEByvBr0zW1oJi97MGjFO2WSQcY4QZpB5pEGI9a6jgdsSPs+3gN/mpny3/u5D2yW8AHy/cNEWS9UcFnkxE2IMbRI6Rxor2Dt2ZlJkYAnLfOAAdbLr0q8aLM0u4s7pdzFY+O1vnUceIeJRf3qR6U3ilDCqYtqSfVmgUjzidr/CQU3RmgBA7MU2hAb92WGWM/tIUkX4CSmWlbeMhP0ab+6xMXDkJScO3wlv6U0MbC5ostj2j1Uc8yopZ2VVHEsQAPU1yKcNwvUP6AhkMrDM30c2oQWtZB9G/Enib8bAAKmmVaa0zmG2pBIcsc0btxsrqTbrYG9WGrkiK1rgHKbi4vY9R0NVNrNlidwjOUUsET2nIBIUX5nhQbOjV7INu4cyYeZF4tGwU/aynKffak3eUiXByEcHjNvvLcU4bCxTTYeKRomhZ1zGN/aU9DcD4gceApVeIDCtER+rzRf6ZKA+oAPqKHhohnpU0YpsLHGDEKwOhNj61tuxtuxsouwB8TpQbZPyTwAK2IkaR8oJQHs0B6XHeNuHEU4YLd/DRiywxj0BPvNzR3QuepTuJYixa2uCCOoOlUMTjGuSrhfskD8asPu/h+IhjB6hQp94tUQ3fwoNzDHfx7343rnZJqQBxO8yobM1zzyHNbzsDavqa1iUaAKB4D+VfUKYtP3LG7u1nxKyM+Gkw+SRkAk4uq2740Gh92mhNWds7OXEQvExtmHdYcVcG6OPFWAYeVXRXq1Hyb3sWdj4syx98WlQmOVfqyLo3odGB5hgede8dF9Iev8AOvG2o/0fEpiBpHOVhm6CThDJx5k9keuaPktXnTS1MZMkTKvlF2SbCdRqp1P5++nvd7FdrDG/1lB94rm0sEHVkYXBFjQTcuUxM+FbjG3dvzRtR8bj0rq2ThPXB/b/AGN265yo8J/sZCq/5bd9APAK2T7hori8bHCheWRI0HFnYKo9TQHFYBmcPHPJCxGVjHkOZRcgESKw0JJBAuLmguK2js7DOXdxNONMxJxEwJ5Zjfs/LuiilZqWTQxtvSr6YeGaf7QXs4vPtJcoYeKZqhMmOl9qSLDg/RiUzSf6kgCj/TNJG0flJdjkggAJ4doc7nyij4/vVU7Da2MPe7RFOvfb9HTyyoM5+8DT8RXk9h7bdyFzecyYk/47l00/whaMei1f7NYY27KIAKpIRAFvYXAAHXhQzdDZD4TD9i7qxzswyggKGNyup11ub6ceFGxSsVuxZ3J3nkxyyl4ezyEAEXKm97rcjittf2hwphPGpa5lrptN2lQBd29GElgn+rJlPlIMlj94qfSmKI1R2zh88TAcbfEcDXrZOK7WNW6jXwPMelIxV3PW8eGMmFnRfaMTZT0cKSp9GANGcBihLFHKvCRFceTKCPxqsT1qjudMow4w4sGwzGErfUKhIjJHRo8jDzpvBfGyxsfBYmOXENPiBLG7gwoEC9kut1JHHkPu352oqTVPG7ThhF5Zo4x1dwv4mg0u+mE/s3ea/DsI3lH7yKV95pSjfuMRavLGld96Jmv2eDcdDLIiA+iF2HqL1Wk2ljX+nBEOYVGlb0Zio/hpaYrywXkcL0mbSKvLjVU3AKFrcpOyAZfPKENvtVC+DaTSbEYiTXh2nZDytCEuPA3q3h8KkcfZxoESzaAWFyDc+JJ50yVEMmVSVIY1a+vgKobUxscChpCe82VQAWd2PBURQWY2BNgOAJ5VJss/NprfujU+VQyD/jsMTw7OcDwY9kQfPKGHqaZBirIhjJT7GDxDeJEcfwkkB+Fe8mNb2cNEv+ZPY+5I2/GmW9dvQsr6URa/+Pxp54ZfC0j/AB7v4V9TJcV9XWH04kOEnWRFdTdWUEeRF6mBqhh8CY3JR7RsSzRkXAY3JZDcZbnUjUE3IsSb2J8Qkas7sFVQWZmIAVQLkkngLUhQ5tHBpPE8MgujqVNjY2I4g8iOIPIigew8S7RmOU/PQt2cvLMwAIcDo6lX+9blR3B4pJUWSN1dGF1ZTdSOoIoLt1OwnjxPBJMsE33m+Zf0dinlKOlMiU42iTFxXF6Rt674eSLFL9BrP4oSL38jr760KRb6Uqb24YPh5VP1T+FFGHKq2ENtYH9MwrRKwXtApBOo0ZW1A4g2sR40H2b8nkCAds7ynTuj5qP0VDm9Cxqx8n20u2wUZJuyDIfNRar28s7mIwRo7SzK4TIQgUqB3mZmWwBI0FyRewoufFbdI0RVui/gNnQQArDFHGOeRQNfG3E+dWyKT9qxHAZ3glggWRc4w/ZlnkmRTmEdmGrAICcrHS/Om1ZQVBHMX10OvUVHBnjmjyj+fn0KZcbg6Z6JoJsXbjSHLMoUvmaFh7MkWY5eP0wtrr5EaXsWJvSJiMZgMC6pkmxM0VhcntDHpYWMjBENuSWOvjVrSWwYsc8suMItv2SsbsVtKQyGKCISOoBcs/Zoua9hmCsSxsTYDQWuRcVd2bjO1S5UowJVlNrqymxFxoRzB5gilvZ2L/SS2IwcwRmASVJYy4utyt1DqQ1m4gkEW42Bo9s2DslsWLMSWZjYFmbUmw0A5AcgBWeDzerLlXClXuCSUdO0/JclGlK2y8YIMS+HOiveSPzB76f9w8CelMxcMctJO9yhJYyxynPYOCLqSpysL8dbC3jV2T7sd5Zra8RzH5ihm0tm4eZg0kSswFg1u9bpmGtvDhQ+DbUioO0yjkWW5B0Aub6r+XWpF2qr6iQHxDX/AAocgStM94TY2HiJMcEaX4kIoY+Z4mpnAA1I9NaGY3bUUerOo8z/ADpfx2/OGXQPnP2QSPfwocgKMpdkNZkXxNeZMQoHCkQ78qfZQ+pt+FVcRvJJJ0A8KjLMolodJml4oc8dtpUHtegpbn2k+JniW7BS4BAYi4J1vbwoG+IJ1JvV3dxs2LiH2vyNZ1nlOaS7Gv8AYxx45Sk7dfY2bDiqO0zbE4Fv8dlPk2GxH5gVegHCqG8EmVYH+riYP45Vi/769CJkiG9sQGSGSNZGiZ1KiRPaUkWuPEV52JAY4I42kaVo1CmR/acge0dTr6mr1fUNmq1X1Pq+qjiNlxuxbvqT7XZyPHmIFrkIwBNgBfjYCuVwpbBqrjcCsoKuAyOpV1PBlIsQfSrNCdpbwRxP2SBpp/7qOxZQeBkY92MeLEXtoCdKSrCpOIR2fg44I1iiQJGgsqjgBxoDtnaa4sHDYf5wZlEso1ijVXBZQ3BpO7bKt8pN2toDFLgJsT/zbjIf/rxEiLlpI+jy+XdU31U0SVVjUKoCqosAAAAByAHCn7EpT9icnpzpf3yxCJA55hT+FuNXp9oW4e+sw+UHeZVvHe56A/jRSMs/i+FBX5Gm+ZnQ8BMSNeoH5inzaOy4p8naBjkbMuV2TUgrqVIJBB1HA1lPyM7dzTvhyouytJmvxIK6W8ia16SUAeVGS2VkuLAOB2PPHJEO0jWGF5CgCkyNHJmtGzEgKFzDgDfs11o4WpF2Vv5LisQqRYKQREkNI1+7x1NhlFjyzXr7Yuz9qHELJicUgQN7Caqw6Bcot5kk0Y4VC1peRZyb7seEb+YrHt4sG8GIlEitlaR3R7Eqwdi+hGlxfKRx7vQitaLHpYj3GoS9uJqU4Kapmz9N/UsnQZvVxpPVbFP5OcBKhllkVkWQIqBhlLZM5LWOoBzWF+nlTurUNxOLCgnmNf6FQQ7SKtx5/CiqikiOfPPq80ssqtu2GVlyLc6XYk9bW0rNPla2mOzC37zWNT7z75DCloQjtNrlFjYg8DfmLdKVdm7m43Ht2sxyBtbt7XovIefupiOPTuXYq7O33xEcYTutyuwubdD186qYjHNiWukBDHnHf8f/ADWo7E+SrCx2Mt5T9o6e7h8KcsFsDDxABI1AHCwFCi0sqfyow3Zm4mLxBBIyDq3eP9etP+x/kpgUAzEuehOnuFaPHEBwFvKqUu1owxSPNNINCkQzkHjZj7KffYUeNicpvuwbg9zMFH7OGi+8oJ+NfYndjBuMrQIp8FCnhbQrRTscY4JHYQdA4advvZWQL6FvOvsBimfOkihZY2yuBqpuAVZSRfKwN/AgjlRcEGpLdmJ7f2W2GkynVTfK3XwPiKj3Xm/42AfWYj+Bj+VahvZsdZ1KEcRcHo3UVk+xg0O0IVYd5Zcp9VYX+NY1i4zRqXU+phlGXdI3bCE2qnvQQMLI54Jlk8hHIsl/TLerGEfSrMsYdSrC6sCCDwIIsR7q1oxpha9fGlmCLGxr2aTwsiiyNLC7SBQLAOVlUMR9awv8a9tBjGHexgX/AC4EHu7QvRotzQxV9SscDIPb2hiSfEwp8FiArtCjuaPDxYqUZZsQqpbX9HRo3br32dioPRbH7VWsHhIoEyxoqLe9hzJ4kniSeZOpqOTGAcNarvJmGtAzynZbnxn1aGYvFWBZ2sBqSTYAVDjsakQuzAf1yH5UFkilxbZbERnl9Jv2ug8B69K6yE5keO2nJN83h+ehkOoHgo5n4D4UR3b3BgQ9rMnaPxu/ePmb/gNKYdi7ASAA2BYe4VaTGyy3OGiWRB/aSSGONj0jKo5b9qwXoTrTJMfHjb2xc3l2MmHkixkKDNCe+ANTE1ww042vceNE4topIuZCCCNLGrEGOExkjdMkqaSRMQbK3BlI0ZGF7MOhBsQQE7ePdYIueEsrAcVJDW8CPwrmLO4v6DO2IULfjY6ga1Um2qF1ABU6HwPKs22RvLPhZ8mIdnjbQkjVejCw1tzHT0pzyhwdQysNbHQg8wR76Fo0rEuKa8l99rDr8aqS7THXyA5+VZ/tAy4eYpLK2XipAAzJfT15Hxq9gNuu7BMPDdm0DMbk/wDihJ0IunlLyH9s43ECJ3jjsFBN3YLoByv+FC92IdpYpdVEY+ixBzAeIJt7/dTrsXdViM+KYyMbHLwRbdF/Pj4014fDBRYcOlHudFKPyi1sjctEPaTMZJDxZrE+Q5AeApmhwyILKLVNahu8uPkw+GkmjQOyC9mJsFuMzaccq3a2l7caKiGgiTbU6D4UPhxc04Bw0a9meE0xIUj60cY7zjxJQEagkUH2Jj22lgZ4nZVmIeJiosBnU5GAN9LG3HirU17C2gMRBHKBlJFmX6jqSrobc1YFfSmqh4JMqLu+H1xErz/YPci8uzT2h4OWopDEkahEVUUDRVAVQPIaCpqjkjuQf6tQbZeKRBs3aMWIjEkEiyISQGU3FxxFDtsJ2c0c30X+Zk9TeJj5OWTzmFEtn7PigTs4Y0jQEnKihVueJsK7j8KssbxtwdSCRxF+Y6EcQeorgNWCNoQ3F+lZL8o+z3idcXCcrrxI66kfmPWta2bO0kQz/rBdJOmdCVa3gSLjwIoFvHswSxSRHmDbwPI++klp2ZG+MrCGxZlkjR/rKD7wKLClTcDEl8HGG9pLofuMV/Kmpa4MRE2/sXacuIlMUpERYZB+kNGAMq3FkFxreh43Hx7/AKydPWaaT/corS3cAXJAHU6ClybeJkYu5gXDCfsWcubi6ZgxJsg1KjjzpnlUav8AoMoOQrj5MZDxnhB/yC3xLivq0PB42OZBJFIkiG9mRgymxsbEaca+pubF4oV5caqKWYhQOJJsPWlbam+MjsIsGgkJH60m6C/QDj8KX9pTnEzSpLqkTDKvK+VTrzOpp13Q2dGqBgupF71BT3QMmP0oqT7vsed2t1nZ+2xDtJKebch0A4KPKnzDYaPDoWJCgC7MTYADUkk8BU2FhCqLdKoYJBiMXKkuqYcxlE+iWZc2dx9IqRpyHG1wCKJeTsePdvuWIMI2Ls0gZcNyQ3VpvGQcRH9ji30tO6WFQALDQV9SZ8q+2Z8Jglkw8hjcyquYAE5crtbvAjiopu5qSSC+82yHkyzwWXExXyE6LIp1aJz9VrcfokA8rEfhMUmJizAEalXRhZ43HFWHIg+/iLgg01RNcA9QPwpP3oQQY3Cyx6HEuYZh9F1WJ3ViPrqVsG6Eg30sO5PLCxZ3v3VXEIQO7JbQjn50kbubWbClsLOchT2cx0t0B6dPPwraMYgK+VZd8p2z0KRyWswkVbjjlbiPzoL2IYZcZcfDA29e3Ea0TRlmBDAkWAB6czetB+SzZimBcS6gO98t+SDhbz4+VK+P3NgZVOaUZVIFmB0HAHMpp93Lgy4aIAmyqFA0tYaDlxocE3Zqnk+DivuNd66DWY/KbtieDF4DspWUFjdQSFbvxDvAe1oxGvXS1Nu9eIdMFiXRirLC7AqbEFVLDXiOHKquLST9zPZz/wDoJe0zGH5lZngYIGlmDKDlcqosFJA0FzaRSSNaK7Oxy4lJAUZcrNG8clswNhoQpIsysGGvBhQbF2w+HxCwARZcO0oZdW7TK3eJa+Y6DVrmiW72BSKIMoOaQB3ZmZ2Zio1LMSTpYDoABXn9H1Us7k/C/n6GnPjWNL3ETdWY4DaLYZycrN2JJ5/Tga56g5fNz0p/2W/Y4yWH6E47ZOgkXKkqjpcdm9uZLnrWe/K0uTEQyJo7RPcjrEyFD5gufhTdtvFN2OExGnaLPhyDy+edIXHkUkYW8ulei/DM+N06HSquPxJTs7W70iqb8gePrpYeJFWaGby/8rM3ONDIvg8Xzin95RUzSE6+ryjXAPUV2gcAp17LFkfQxC5h4SxgK370eU2/wmrm0IudS72L8ysg9qOaJlPQmRYz70dlPgxr3OLqaL2iOWIn7vydjiZ4DoGIlX71wwt5i/3qcIjpSXtSIDG4d7d7vr6EX/FRTjhzpSRIY2V9t4Ht4HiBUFrEZhmW6sGF15i44UAn2s8AlgJw6TBo+zCREKVkZQW7PNcle9wI4CmnNXTU83Twy1y8GmGSUOxS2VgmiVg7h2Z2ckLkF2toFufxr6rTV9VUklSJ2f/Z', 22),
(6, 'Figura de acción Naruto', 'Itachi 30 cm', 50000, 0, 1, 'https://image.made-in-china.com/2f0j00QnJkyaTrZLbS/Naruto-Anime-Gk-Uchiha-Itachi-Action-Figure-Toys-30cm-Big-Decoration-Statue-Collectible-Toys.jpg', 33),
(7, 'Camisetas ', 'Dragon Ball unisex', 40000, 10, 1, 'https://www.karisma.com.co/cdn/shop/products/Gokubaculosagradoredman.png?v=1657845558&width=1445', 4),
(8, 'Peluche Capibara', 'Mochila incluida', 25000, 0, 1, 'https://imagedelivery.net/4fYuQyy-r8_rpBpcY7lH_A/falabellaCO/130893610_01/w=1500,h=1500,fit=pad', 40),
(9, 'Tazas mágicas', 'Taza Mágica Roronoa Zoro', 19990, 0, 1, 'https://http2.mlstatic.com/D_NQ_NP_2X_722166-MLA75612335355_042024-F.webp', 5);

-- --------------------------------------------------------

--
-- Estructura de tabla para la tabla `soporte`
--

CREATE TABLE `soporte` (
  `ID_Soporte` int(11) NOT NULL,
  `ID_Usuario` int(11) DEFAULT NULL,
  `Especialidad` varchar(100) DEFAULT NULL
) ENGINE=InnoDB DEFAULT CHARSET=utf8mb4 COLLATE=utf8mb4_general_ci;

-- --------------------------------------------------------

--
-- Estructura de tabla para la tabla `usuarios`
--

CREATE TABLE `usuarios` (
  `ID_Usuario` int(11) NOT NULL,
  `Nombre` varchar(100) NOT NULL,
  `Email` varchar(150) NOT NULL,
  `FechaRegistro` datetime(6) NOT NULL,
  `TipoUsuario` enum('cliente','administrador','soporte') NOT NULL,
  `TipoDocumento` varchar(20) NOT NULL,
  `NumDocumento` varchar(50) NOT NULL,
  `Telefono` varchar(50) DEFAULT NULL,
  `Direccion` varchar(255) DEFAULT NULL,
  `Ciudad` varchar(100) CHARACTER SET utf8 COLLATE utf8_general_ci DEFAULT NULL
) ENGINE=InnoDB DEFAULT CHARSET=utf8mb4 COLLATE=utf8mb4_general_ci;

--
-- Volcado de datos para la tabla `usuarios`
--

INSERT INTO `usuarios` (`ID_Usuario`, `Nombre`, `Email`, `FechaRegistro`, `TipoUsuario`, `TipoDocumento`, `NumDocumento`, `Telefono`, `Direccion`, `Ciudad`) VALUES
(1, 'laur gil', 'laura.gil.camargo@gmail.com', '2024-11-12 00:00:00.000000', 'cliente', 'CC', '1022416152', '3208035574', 'Calle 58  torre 11 apt 60', 'bogota cundinamarca'),
(3, 'laur gil', 'laura.gil.camargo1@gmail.com', '2024-11-12 00:00:00.000000', 'cliente', 'CC', '1022416152', '3208035574', 'Calle 58-1 torre 11 apt 60', 'bogota cundinamarca'),
(4, 'laur gil', 'laura.gil.camargo2@gmail.com', '2024-11-12 00:00:00.000000', 'cliente', 'CC', '1022416152', '3208035574', 'Calle 58-2 torre 11 apt 60', 'bogota cundinamarca'),
(5, 'laur gil', 'laura.gil.camargo3@gmail.com', '2024-11-12 00:00:00.000000', 'cliente', 'CC', '1022416152', '3208035574', 'Calle 58-3 torre 11 apt 60', 'bogota cundinamarca'),
(6, 'laur gil', 'laura.gil.camargo4@gmail.com', '2024-11-12 00:00:00.000000', 'cliente', 'CC', '1022416152', '3208035574', 'Calle 58-4 torre 11 apt 60', 'bogota cundinamarca'),
(7, 'laur gil', 'laura.gil.camargo5@gmail.com', '2024-11-13 00:00:00.000000', 'cliente', 'CC', '1022416152', '3208035574', 'Calle 58-5 torre 11 apt 60', 'bogota cundinamarca'),
(8, 'laur gil', 'laura.gil.camargo6@gmail.com', '2024-11-13 00:00:00.000000', 'cliente', 'CC', '1022416152', '3208035574', 'Calle 58-5 torre 11 apt 60', 'bogota cundinamarca'),
(9, 'laur gil', 'laura.gil.camargo9@gmail.com', '2024-11-13 00:00:00.000000', 'cliente', 'CC', '1022416152', '3208035574', 'Calle 58-9 torre 11 apt 60', 'bogota cundinamarca'),
(10, 'laur gil', 'laura.gil.camargo10@gmail.com', '2024-11-13 00:00:00.000000', 'cliente', 'CC', '1022416152', '3208035574', 'Calle 58-9 torre 11 apt 60', 'bogota cundinamarca'),
(11, 'laura gil gil', 'laura.gil.camargo11@gmail.com', '2024-11-13 00:00:00.000000', 'cliente', 'CC', '1022416152', '3208035574', 'Calle 58-9 torre 11 apt 60', 'bogota cundinamarca'),
(12, 'laur gil', 'laura.gil.camargo12@gmail.com', '2024-11-13 00:00:00.000000', 'cliente', 'CC', '1022416152', '3208035574', 'Calle 58-9 torre 11 apt 60', 'bogota cundinamarca'),
(13, 'laur gil', 'laura.gil.camargo13@gmail.com', '2024-11-13 00:00:00.000000', 'cliente', 'CC', '1022416152', '3208035574', 'Calle 58-9 torre 11 apt 60', 'bogota cundinamarca'),
(14, 'laur gil', 'laura.gil.camargo14@gmail.com', '2024-11-13 00:00:00.000000', 'cliente', 'CC', '1022416152', '3208035574', 'Calle 58-9 torre 11 apt 60', 'bogota cundinamarca'),
(15, 'laur gil', 'laura.gil.camargo15@gmail.com', '2024-11-13 00:00:00.000000', 'cliente', 'CC', '1022416152', '3208035574', 'Calle 58-9 torre 11 apt 60', 'bogota cundinamarca'),
(16, 'laur gil', 'laura.gil.camargo16@gmail.com', '2024-11-13 00:00:00.000000', 'cliente', 'CC', '1022416152', '3208035574', 'Calle 58-9 torre 11 apt 60', 'bogota cundinamarca'),
(17, 'laur gil', 'laura.gil.camargo17@gmail.com', '2024-11-13 00:00:00.000000', 'cliente', 'CC', '1022416152', '3208035574', 'Calle 58-9 torre 11 apt 60', 'bogota cundinamarca'),
(18, 'laur gil', 'laura.gil.camargo18@gmail.com', '2024-11-13 00:00:00.000000', 'cliente', 'CC', '1022416152', '3208035574', 'Calle 58-9 torre 11 apt 60', 'bogota cundinamarca'),
(19, 'laur gil', 'laura.gil.camargo19@gmail.com', '2024-11-13 00:00:00.000000', 'cliente', 'CC', '1022416152', '3208035574', 'Calle 58-9 torre 11 apt 60', 'bogota cundinamarca'),
(20, 'laur gil', 'laura.gil.camargo20@gmail.com', '2024-11-13 00:00:00.000000', 'cliente', 'CC', '1022416152', '3208035574', 'Calle 58-9 torre 11 apt 60', 'bogota cundinamarca'),
(21, 'laur gil', 'laura.gil.camargo21@gmail.com', '2024-11-13 00:00:00.000000', 'cliente', 'CC', '1022416152', '3208035574', 'Calle 58-9 torre 11 apt 60', 'bogota cundinamarca'),
(22, 'laur gil', 'laura.gil.camargo22@gmail.com', '2024-11-14 00:00:00.000000', 'cliente', 'CC', '1022416152', '3208035574', 'Calle 58-9 torre 11 apt 60', 'bogota cundinamarca'),
(23, 'laur gil', 'laura.gil.camargo23@gmail.com', '2024-11-14 00:00:00.000000', 'cliente', 'CC', '1022416152', '3208035574', 'Calle 58-9 torre 11 apt 60', 'bogota cundinamarca'),
(24, 'laur gil', 'laura.gil.camargo24@gmail.com', '2024-11-14 00:00:00.000000', 'cliente', 'CC', '1022416152', '3208035574', 'Calle 58-9 torre 11 apt 60', 'bogota cundinamarca'),
(25, 'laur gil', 'laura.gil.camargo25@gmail.com', '2024-11-14 00:00:00.000000', 'cliente', 'CC', '1022416152', '3208035574', 'Calle 58-9 torre 11 apt 60', 'bogota cundinamarca'),
(26, 'laur gil', 'laura.gil.camargo26@gmail.com', '2024-11-14 00:00:00.000000', 'cliente', 'CC', '1022416152', '3208035574', 'Calle 58-9 torre 11 apt 60', 'bogota cundinamarca'),
(27, 'laur gil', 'laura.gil.camargo27@gmail.com', '2024-11-14 00:00:00.000000', 'cliente', 'CC', '1022416152', '3208035574', 'Calle 58-9 torre 11 apt 60', 'bogota cundinamarca'),
(28, 'laur gil', 'laura.gil.camargo28@gmail.com', '2024-11-14 00:00:00.000000', 'cliente', 'CC', '1022416152', '3208035574', 'Calle 58-9 torre 11 apt 60', 'bogota cundinamarca'),
(29, 'laur gil', 'laura.gil.camargo29@gmail.com', '2024-11-14 17:55:07.207830', 'cliente', 'CC', '1022416152', '3208035574', 'Calle 58-9 torre 11 apt 60', 'bogota cundinamarca'),
(30, 'laur gil', 'laura.gil.camargo30@gmail.com', '2024-11-14 18:09:39.563571', 'cliente', 'CC', '1022416152', '3208035574', 'Calle 58-9 torre 11 apt 60', 'bogota cundinamarca'),
(31, 'laur gil', 'laura.gil.camargo31@gmail.com', '2024-11-14 18:21:37.102050', 'cliente', 'CC', '1022416152', '3208035574', 'Calle 58-9 torre 11 apt 60', 'bogota cundinamarca'),
(32, 'laur gil', 'laura.gil.camargo32@gmail.com', '2024-11-14 18:44:12.486299', 'cliente', 'CC', '1022416152', '3208035574', 'Calle 58-9 torre 11 apt 60', 'bogota cundinamarca'),
(33, 'laur gil', 'laura.gil.camargo33@gmail.com', '2024-11-14 19:28:55.635549', 'cliente', 'CC', '1022416152', '3208035574', 'Calle 58-9 torre 11 apt 60', 'bogota cundinamarca'),
(34, 'laur gil', 'laura.gil.camargo34@gmail.com', '2024-11-14 19:36:22.166603', 'cliente', 'CC', '1022416152', '3208035574', 'Calle 58-9 torre 11 apt 60', 'bogota cundinamarca'),
(35, 'laur gil', 'laura.gil.camargo35@gmail.com', '2024-11-14 19:52:01.696123', 'cliente', 'CC', '1022416152', '3208035574', 'Calle 58-9 torre 11 apt 60', 'bogota cundinamarca'),
(36, 'laur gil', 'laura.gil.camargo36@gmail.com', '2024-11-14 19:56:39.176110', 'cliente', 'CC', '1022416152', '3208035574', 'Calle 58-9 torre 11 apt 60', 'bogota cundinamarca'),
(37, 'laur gil', 'laura.gil.camargo376@gmail.com', '2024-11-14 20:05:01.126078', 'cliente', 'CC', '1022416152', '3208035574', 'Calle 58-9 torre 11 apt 60', 'bogota cundinamarca'),
(38, 'laur gil', 'laura.gil.camargo38@gmail.com', '2024-11-14 20:19:11.432037', 'cliente', 'CC', '1022416152', '3208035574', 'Calle 58-9 torre 11 apt 60', 'bogota cundinamarca'),
(39, 'Alexis Linero', 'alexisdavid56@hotmail.com', '2024-11-19 19:00:39.886633', 'cliente', 'CC', '1018494869', '3607486857', 'Calle 137 no 91 40 403', 'bogota bogota'),
(41, 'Alexis Linero', 'alexisdavid56@hotmail.com', '2024-11-19 19:10:05.719632', 'cliente', 'CC', '1018494869', '3607486857', 'Calle 137 no 91 40 403', 'bogota bogota'),
(42, 'Alexis Linero', 'alexisdavid56@hotmail.com', '2024-11-20 16:01:05.985041', 'cliente', 'CC', '1018494869', '3607486857', 'Calle 137 no 91 40 403', 'bogota bogota'),
(43, 'Alexis Linero Orlando', 'alexisdavid56@hotmail.com', '2024-11-20 16:19:43.988515', 'cliente', 'CC', '1018494869', '3607486857', 'Calle 137 no 91 40 403', 'bogota bogota'),
(44, 'Alexis Linero Orlando', 'mtatianadiazmore@gmail.com', '2024-11-20 16:21:24.463645', 'cliente', 'CC', '1018494869', '3607486857', 'Calle 137 no 91 40 403', 'bogota bogota'),
(45, 'Alexis Linero', 'aura.gil.camargo38@gmail.com', '2024-11-21 19:26:11.757436', 'cliente', 'CC', '1018494869', '3607486857', 'Calle 137 no 91 40 403', 'bogota bogota'),
(46, 'Alexis Linero', 'aura.gil.camargo39@gmail.com', '2024-11-21 19:27:46.874536', 'cliente', 'CC', '1018494869', '3607486857', 'Calle 137 no 91 40 403', 'bogota bogota'),
(47, 'Alexis Linero', 'aura.gil.camargo40@gmail.com', '2024-11-21 19:33:36.545811', 'cliente', 'CC', '1018494869', '3607486857', 'Calle 137 no 91 40 403', 'bogota bogota'),
(48, 'Alexis Linero', 'aura.gil.camargo41@gmail.com', '2024-11-21 19:36:45.587513', 'cliente', 'CC', '1018494869', '3607486857', 'Calle 137 no 91 40 403', 'bogota bogota');

--
-- Índices para tablas volcadas
--

--
-- Indices de la tabla `administrador`
--
ALTER TABLE `administrador`
  ADD PRIMARY KEY (`ID_Admin`),
  ADD KEY `ID_Usuario` (`ID_Usuario`);

--
-- Indices de la tabla `carritos`
--
ALTER TABLE `carritos`
  ADD PRIMARY KEY (`ID_Carrito`);

--
-- Indices de la tabla `inventario`
--
ALTER TABLE `inventario`
  ADD PRIMARY KEY (`ID_Inventario`),
  ADD KEY `ID_Producto` (`Id_Producto`),
  ADD KEY `Cantidad` (`ID_Inventario`);

--
-- Indices de la tabla `itemscarrito`
--
ALTER TABLE `itemscarrito`
  ADD PRIMARY KEY (`Id`),
  ADD KEY `IX_ItemsCarrito_ID_Carrito` (`ID_Carrito`),
  ADD KEY `IX_ItemsCarrito_Id_Producto` (`Id_Producto`) USING BTREE;

--
-- Indices de la tabla `pago`
--
ALTER TABLE `pago`
  ADD PRIMARY KEY (`ID_Pago`),
  ADD KEY `ID_Usuario` (`ID_Usuario`),
  ADD KEY `ID_Pedido` (`Id_Pedido`);

--
-- Indices de la tabla `pedidos`
--
ALTER TABLE `pedidos`
  ADD PRIMARY KEY (`Id_Pedido`),
  ADD KEY `IX_Pedidos_ID_Carrito` (`ID_Carrito`) USING BTREE;

--
-- Indices de la tabla `productos`
--
ALTER TABLE `productos`
  ADD PRIMARY KEY (`Id_Producto`),
  ADD KEY `Cantidad` (`Cantidad`) USING HASH;

--
-- Indices de la tabla `soporte`
--
ALTER TABLE `soporte`
  ADD PRIMARY KEY (`ID_Soporte`),
  ADD KEY `ID_Usuario` (`ID_Usuario`);

--
-- Indices de la tabla `usuarios`
--
ALTER TABLE `usuarios`
  ADD PRIMARY KEY (`ID_Usuario`);

--
-- AUTO_INCREMENT de las tablas volcadas
--

--
-- AUTO_INCREMENT de la tabla `administrador`
--
ALTER TABLE `administrador`
  MODIFY `ID_Admin` int(11) NOT NULL AUTO_INCREMENT;

--
-- AUTO_INCREMENT de la tabla `carritos`
--
ALTER TABLE `carritos`
  MODIFY `ID_Carrito` int(11) NOT NULL AUTO_INCREMENT, AUTO_INCREMENT=8;

--
-- AUTO_INCREMENT de la tabla `inventario`
--
ALTER TABLE `inventario`
  MODIFY `ID_Inventario` int(11) NOT NULL AUTO_INCREMENT, AUTO_INCREMENT=9;

--
-- AUTO_INCREMENT de la tabla `itemscarrito`
--
ALTER TABLE `itemscarrito`
  MODIFY `Id` int(11) NOT NULL AUTO_INCREMENT, AUTO_INCREMENT=48;

--
-- AUTO_INCREMENT de la tabla `pago`
--
ALTER TABLE `pago`
  MODIFY `ID_Pago` int(11) NOT NULL AUTO_INCREMENT;

--
-- AUTO_INCREMENT de la tabla `pedidos`
--
ALTER TABLE `pedidos`
  MODIFY `Id_Pedido` int(11) NOT NULL AUTO_INCREMENT, AUTO_INCREMENT=33;

--
-- AUTO_INCREMENT de la tabla `productos`
--
ALTER TABLE `productos`
  MODIFY `Id_Producto` int(11) NOT NULL AUTO_INCREMENT, AUTO_INCREMENT=10;

--
-- AUTO_INCREMENT de la tabla `soporte`
--
ALTER TABLE `soporte`
  MODIFY `ID_Soporte` int(11) NOT NULL AUTO_INCREMENT;

--
-- AUTO_INCREMENT de la tabla `usuarios`
--
ALTER TABLE `usuarios`
  MODIFY `ID_Usuario` int(11) NOT NULL AUTO_INCREMENT, AUTO_INCREMENT=49;

--
-- Restricciones para tablas volcadas
--

--
-- Filtros para la tabla `administrador`
--
ALTER TABLE `administrador`
  ADD CONSTRAINT `administrador_ibfk_1` FOREIGN KEY (`ID_Usuario`) REFERENCES `usuarios` (`ID_Usuario`) ON DELETE CASCADE;

--
-- Filtros para la tabla `inventario`
--
ALTER TABLE `inventario`
  ADD CONSTRAINT `FK_Inventario_Productos` FOREIGN KEY (`Id_Producto`) REFERENCES `productos` (`Id_Producto`) ON DELETE CASCADE,
  ADD CONSTRAINT `inventario_ibfk_1` FOREIGN KEY (`Id_Producto`) REFERENCES `productos` (`Id_Producto`) ON DELETE CASCADE;

--
-- Filtros para la tabla `itemscarrito`
--
ALTER TABLE `itemscarrito`
  ADD CONSTRAINT `FK_ItemsCarrito_Carritos` FOREIGN KEY (`ID_Carrito`) REFERENCES `carritos` (`ID_Carrito`) ON DELETE CASCADE,
  ADD CONSTRAINT `FK_ItemsCarrito_Productos` FOREIGN KEY (`Id_Producto`) REFERENCES `productos` (`Id_Producto`) ON DELETE CASCADE;

--
-- Filtros para la tabla `pago`
--
ALTER TABLE `pago`
  ADD CONSTRAINT `FK_Pago_Pedidos` FOREIGN KEY (`Id_Pedido`) REFERENCES `pedidos` (`Id_Pedido`) ON DELETE CASCADE,
  ADD CONSTRAINT `FK_Pago_Usuarios` FOREIGN KEY (`ID_Usuario`) REFERENCES `usuarios` (`ID_Usuario`) ON DELETE CASCADE,
  ADD CONSTRAINT `pago_ibfk_1` FOREIGN KEY (`ID_Usuario`) REFERENCES `usuarios` (`ID_Usuario`) ON DELETE SET NULL,
  ADD CONSTRAINT `pago_ibfk_2` FOREIGN KEY (`Id_Pedido`) REFERENCES `pedidos` (`Id_Pedido`) ON DELETE CASCADE;

--
-- Filtros para la tabla `pedidos`
--
ALTER TABLE `pedidos`
  ADD CONSTRAINT `FK_Pedidos_Carritos` FOREIGN KEY (`ID_Carrito`) REFERENCES `carritos` (`ID_Carrito`) ON DELETE CASCADE;

--
-- Filtros para la tabla `soporte`
--
ALTER TABLE `soporte`
  ADD CONSTRAINT `soporte_ibfk_1` FOREIGN KEY (`ID_Usuario`) REFERENCES `usuarios` (`ID_Usuario`) ON DELETE CASCADE;
COMMIT;

/*!40101 SET CHARACTER_SET_CLIENT=@OLD_CHARACTER_SET_CLIENT */;
/*!40101 SET CHARACTER_SET_RESULTS=@OLD_CHARACTER_SET_RESULTS */;
/*!40101 SET COLLATION_CONNECTION=@OLD_COLLATION_CONNECTION */;
